vbc_read_col	BC17	BC18	BC19	BC20	BC21	BC22	BC23	BC24
AAAACGTTTTCAGAAGTTGTATCACTTACA	0.0	3.103448275862069	0.0	0.0	0.0	0.0	22.31404958677686	0.0
AAAACTTGGCGCGATACGTGACGTGGGTGC	0.0	0.0	0.0	0.0	0.0	0.0	16.735537190082646	0.0
AAAAGCGCAGGTTATATATCCGGACTGAGC	0.0	0.0	0.0	0.0	0.0	0.0	7.809917355371901	0.0
AAAGGTGTGGACGGGTTTAGGTTGGACCCT	0.0	0.0	0.0	0.0	0.0	0.0	11.15702479338843	0.0
AAATGTGTCTTGTGCCGGTTTATCCAAGAG	0.0	0.0	0.0	0.0	0.0	0.0	13.388429752066116	0.0
AAATTTGATAAACAGTATAACGCGCTAAAG	0.0	0.0	0.0	0.0	0.0	5.921052631578947	11.15702479338843	0.0
AACAAGGGCCGTCTACGACGCCGATCATCA	0.0	0.0	0.0	0.0	6.0	1.1842105263157894	0.0	0.0
AACAGCTCGTACGAGCACTTTGGGCTAAGC	0.0	0.0	0.0	0.0	0.0	2.3684210526315788	8.925619834710744	0.0
AACATTTTGCGCTAAGTTTTTATATGTCAT	0.0	0.0	0.0	0.0	0.0	7.105263157894736	1.115702479338843	0.0
AACCAACTCCAGCTAGACGTCTCCGCATTC	6.48	1.5517241379310345	0.0	0.0	0.0	2.3684210526315788	6.694214876033058	0.0
AACCCGGTGCTGTACCTGTAACATGGCAGC	0.0	0.0	0.0	0.0	0.0	0.0	10.041322314049587	0.0
AACCGCTAGGCCTATCCAGGGTAATTGGGT	1.08	3.103448275862069	0.0	0.0	0.0	0.0	10.041322314049587	0.0
AACCGTTTCCGGCCTCGTGTCATGTGGTAG	0.0	0.0	0.0	0.0	0.0	1.1842105263157894	14.50413223140496	0.0
AACGATCGTGACGTTTTGTCATACGAAACG	0.0	0.0	0.0	0.0	0.0	1.1842105263157894	6.694214876033058	0.0
AACGTAGCATGTTGGGATTACTGGTTTCTG	0.0	12.413793103448276	0.0	0.0	0.0	0.0	0.0	0.0
AACGTCGTTCTAGCCTGGGGTAACCGTCGG	9.72	6.206896551724138	0.0	0.0	0.0	2.3684210526315788	10.041322314049587	0.0
AACTCATTAATAAAACCTCAGTGTCTCGCC	0.0	0.0	0.0	0.0	0.0	2.3684210526315788	25.66115702479339	2.0454545454545454
AACTTCAGCATGGATAGCTAGAGATGCGCT	1.08	9.310344827586206	0.0	0.0	0.0	0.0	0.0	0.0
AAGAATTAAGATTATGTTTTTACCTGGTTT	7.5600000000000005	0.0	0.0	0.0	0.0	0.0	4.462809917355372	0.0
AAGACTTACGTCTACCCCGTAACTCAAGAC	0.0	0.0	0.0	0.0	0.0	9.473684210526315	12.272727272727273	0.0
AAGATCACAAAGCGGTATTTTTTGTACAGT	2.16	9.310344827586206	0.0	0.0	0.0	0.0	5.578512396694215	0.0
AAGCACGGAGACTCACTTGGCAGCACCGGT	0.0	0.0	0.0	0.0	0.0	0.0	6.694214876033058	0.0
AAGGAATATTGTGTATATATTGACTTTTAA	0.0	0.0	0.0	0.0	0.0	0.0	6.694214876033058	0.0
AAGGCGGGAGGAGTGCCAGGCGTGCCACTA	0.0	0.0	0.0	0.0	0.0	0.0	12.272727272727273	0.0
AAGGGAGGCTTGGGGCTCGGGGGGCGCCGG	0.0	0.0	0.0	0.0	0.0	0.0	17.85123966942149	0.0
AAGGTCGCTGATATAAGTATAACTGTGGGT	1.08	0.0	0.0	0.0	0.0	2.3684210526315788	11.15702479338843	0.0
AAGGTTCTCGTGGCCTTCTGGGTGGAGGGC	0.0	0.0	2.1951219512195124	0.0	0.0	7.105263157894736	13.388429752066116	0.0
AAGTCATGCTCGTCACACGGTGGGAAGCCA	0.0	0.0	0.0	0.0	0.0	14.210526315789473	1.115702479338843	0.0
AAGTGGATTCGGTGTTTCGCCTTATCTTAT	0.0	0.0	0.0	0.0	0.0	8.289473684210526	5.578512396694215	0.0
AAGTGTGTCCAATCTCTTTCTACACATCAA	0.0	0.0	0.0	0.0	0.0	0.0	21.198347107438018	0.0
AATACACCGGCCTTGAATATCGCTAATCTA	0.0	0.0	0.0	0.0	0.0	22.5	1.115702479338843	0.0
AATACGTTGTGCGGTTCTGCGCGAGAGTAG	0.0	0.0	0.0	0.0	0.0	0.0	7.809917355371901	0.0
AATCGAGTGCCTACGACTTCTGAGGGTACT	0.0	0.0	0.0	0.0	0.0	0.0	8.925619834710744	0.0
AATCTTATTTCTTACGACTAAAACTCTTAG	0.0	0.0	0.0	0.0	0.0	0.0	7.809917355371901	0.0
AATGATGTCCGTAAATACCGGGGAAGTTAT	0.0	0.0	0.0	0.0	0.0	8.289473684210526	0.0	0.0
AATGCTCGGCAACTAGCGAAGGGCACTTAG	0.0	0.0	0.0	0.0	0.0	0.0	21.198347107438018	0.0
AATGTCCCCCTGAGGCTGACACGAGAGGCG	0.0	0.0	0.0	0.0	0.0	0.0	7.809917355371901	0.0
AATTCCACTCAACTTTGAATAATTAATATG	0.0	0.0	0.0	0.0	0.0	0.0	11.15702479338843	0.0
AATTGCTCGGAAGTAAGCCTTAGGCCGCTA	0.0	7.758620689655173	0.0	0.0	0.0	0.0	8.925619834710744	0.0
AATTTGAATCATATTATTGCCTACGCACCG	0.0	0.0	0.0	0.0	0.0	2.3684210526315788	14.50413223140496	0.0
AATTTGTATCGTATGTAGGTATAGTCTACA	0.0	0.0	0.0	0.0	0.0	0.0	7.809917355371901	0.0
AATTTTTGTGCTGACGTCGCTGAATGGGGG	8.64	0.0	2.1951219512195124	0.0	0.0	0.0	0.0	0.0
ACAAAGGGTTTTTTTCTTACGGAAAACTAA	0.0	13.96551724137931	0.0	0.0	0.0	0.0	10.041322314049587	0.0
ACAACTGTTAAGAATTCGTAAGCTTGAGGT	37.800000000000004	17.06896551724138	0.0	0.0	0.0	7.105263157894736	58.01652892561984	0.0
ACACTTACTTACTAGTCTTCAACTATCACC	0.0	0.0	0.0	0.0	0.0	0.0	10.041322314049587	0.0
ACAGAGTTAACGTCTGGCGCGAATGGTGTC	8.64	1.5517241379310345	0.0	0.0	0.0	0.0	3.347107438016529	0.0
ACAGTCTTCGGGTGTGTACAGCTTACTGGC	0.0	0.0	0.0	0.0	0.0	7.105263157894736	8.925619834710744	0.0
ACATATGACAACCGCTGGTTTACTTTTTAG	0.0	0.0	0.0	0.0	0.0	1.1842105263157894	13.388429752066116	2.0454545454545454
ACATCAGTTCCTCATGTATCAGCTTACAAA	5.4	0.0	0.0	0.0	0.0	0.0	20.082644628099175	0.0
ACATCTGCGATAGGCGGAGAGTTAGGCAGT	0.0	0.0	0.0	0.0	16.0	46.18421052631579	0.0	0.0
ACATCTGTGGTTCCCCTAGTATCATCGTGT	0.0	0.0	0.0	0.0	0.0	0.0	34.586776859504134	0.0
ACATTATGTTGGCTATAGTGGATGTAAAGT	0.0	0.0	0.0	0.0	0.0	0.0	25.66115702479339	0.0
ACCCCCGTAGCGAATACAAATGTAGTTGGG	0.0	0.0	0.0	0.0	2.0	10.657894736842104	7.809917355371901	0.0
ACCCTCGTGAGGCCCTCGGGGGGGCGCGAG	0.0	0.0	0.0	0.0	0.0	7.105263157894736	10.041322314049587	0.0
ACCGCAGAACTTTAGCTCACGAAAAGAGCA	0.0	0.0	0.0	0.0	0.0	9.473684210526315	0.0	0.0
ACCGGCTCTGTGCATTTTGGACGCGCTCTC	0.0	0.0	0.0	0.0	0.0	0.0	6.694214876033058	0.0
ACCGGGGTATTTCAATACGCTACATATAGT	0.0	0.0	0.0	0.0	0.0	0.0	6.694214876033058	0.0
ACCGTACGATAGTACAATATTACTTATACA	0.0	0.0	0.0	0.0	0.0	8.289473684210526	5.578512396694215	0.0
ACCGTTACCCAAGGTGTAGCAGTGTGGTTT	0.0	0.0	0.0	0.0	0.0	0.0	10.041322314049587	0.0
ACCGTTAGGAATTGATGGATGCTGCATTCA	1.08	13.96551724137931	0.0	0.0	0.0	0.0	0.0	0.0
ACCTGGCCTGATGAACAGTTCCCTTAGGTC	0.0	0.0	0.0	0.0	0.0	0.0	16.735537190082646	0.0
ACCTGGGACTCTTGTTGATTCAAGATAGGA	0.0	0.0	0.0	0.0	0.0	8.289473684210526	5.578512396694215	0.0
ACGAAGCGACCTGTGCCTTGGTGTAAGTTC	0.0	0.0	0.0	0.0	0.0	0.0	6.694214876033058	0.0
ACGATTTGGGGGCGCGTGGGATGTTGGCGT	0.0	0.0	0.0	0.0	0.0	0.0	14.50413223140496	0.0
ACGCCCGAGAGCAAATGTAGTTAGACGCAG	0.0	0.0	0.0	0.0	0.0	0.0	6.694214876033058	0.0
ACGCGCACGAGCATTGATCGCTTTTGGGGA	0.0	7.758620689655173	0.0	0.0	0.0	1.1842105263157894	45.743801652892564	0.0
ACGGCATAGACCAGCACTGTGGTGGCTCTA	0.0	0.0	0.0	0.0	0.0	7.105263157894736	1.115702479338843	0.0
ACGGCATTTACTCGTAGACGGGTATCTTCC	0.0	0.0	0.0	0.0	0.0	0.0	18.96694214876033	0.0
ACGGGGGCTTAGAGATAGTTTCAGCTTGGC	0.0	0.0	0.0	0.0	0.0	5.921052631578947	20.082644628099175	0.0
ACGGGTGGACAAAAGATGCAGCTGAGTCCG	0.0	0.0	0.0	0.0	0.0	9.473684210526315	29.00826446280992	0.0
ACGGGTTTTGGACAAAATGCAATATCTAGG	0.0	0.0	0.0	0.0	0.0	0.0	7.809917355371901	0.0
ACGGTCGCGGGTGTTGCAAGGGGAGGAGTG	0.0	0.0	0.0	0.0	0.0	2.3684210526315788	21.198347107438018	0.0
ACGTACGTAGTAGCTGTCAGGAGTTTTGGA	0.0	0.0	0.0	0.0	0.0	1.1842105263157894	13.388429752066116	0.0
ACGTTTTCCCCGCCGGTTTACGTCTAGCAT	0.0	0.0	0.0	0.0	1.0	2.3684210526315788	8.925619834710744	0.0
ACTAATTTAGTTTATGCTGTTTTAGAGCTG	0.0	0.0	0.0	0.0	0.0	0.0	7.809917355371901	0.0
ACTACGTTCATACGTAACCAGATGGAACTG	0.0	0.0	0.0	0.0	0.0	3.552631578947368	16.735537190082646	0.0
ACTAGAAACAATTTCCCATTTAATTGCTTC	16.200000000000003	0.0	1.0975609756097562	0.0	0.0	0.0	0.0	0.0
ACTCGATCCCACCGCCGTTTATAAAACAGA	0.0	0.0	0.0	0.0	0.0	7.105263157894736	18.96694214876033	0.0
ACTGCACGCACGTCGGTTTTGCACGATCAT	0.0	0.0	0.0	0.0	0.0	0.0	7.809917355371901	0.0
ACTGGCGTGGGCTGAAAAACACGAATGATT	0.0	0.0	0.0	0.0	0.0	2.3684210526315788	7.809917355371901	0.0
ACTGTGTTCAGAGTCTGATTTTTCATCGGC	0.0	0.0	0.0	0.0	0.0	0.0	15.619834710743802	0.0
ACTTAAGAGTAAGTCTGCACAGATCGAGTA	0.0	0.0	0.0	0.0	0.0	0.0	10.041322314049587	0.0
ACTTACCCGCTCCAAGAATCCTTTCGACGT	3.24	17.06896551724138	0.0	0.0	0.0	0.0	0.0	0.0
ACTTCAGGTATTACTTTACATATCCTACTC	0.0	0.0	0.0	0.0	0.0	20.131578947368418	0.0	0.0
ACTTCTCGGCGTAACACGATCGGGACCTTT	0.0	0.0	1.0975609756097562	0.0	0.0	0.0	11.15702479338843	0.0
ACTTGTGCTGACTGGAAGATAACTAGTATA	0.0	0.0	0.0	0.0	0.0	0.0	25.66115702479339	0.0
ACTTGTGTGCCGCCGTAATGTCTAGCAACG	0.0	10.862068965517242	0.0	0.0	0.0	1.1842105263157894	0.0	0.0
ACTTTATATCTCTTCCCAGGAGTCAATGCG	0.0	0.0	0.0	0.0	4.0	23.684210526315788	1.115702479338843	0.0
AGAAACCGTTGGGGATTGATCTTAATTTGA	1.08	21.724137931034484	0.0	0.0	0.0	0.0	7.809917355371901	0.0
AGAACAGCAGGCGGTCTCGGGTACTTCTTT	0.0	0.0	0.0	0.0	0.0	52.10526315789473	15.619834710743802	0.0
AGACTGACTGCTCAACCTCCAGCCAGTAAT	0.0	0.0	0.0	0.0	0.0	0.0	20.082644628099175	0.0
AGACTTTCTTACCTAATATACTCTAGCATT	0.0	0.0	0.0	0.0	0.0	0.0	7.809917355371901	0.0
AGAGACAACTCAGGGTAGTCATGTCGGGCA	4.32	0.0	0.0	0.0	0.0	0.0	8.925619834710744	0.0
AGAGATGGTAGATAACGAAACGCTTTGCTT	0.0	0.0	0.0	0.0	3.0	7.105263157894736	0.0	0.0
AGAGGGCCGGGGCTTCTGCATTGTGGAGGG	0.0	0.0	0.0	0.0	0.0	4.7368421052631575	43.51239669421488	0.0
AGAGGGGTCTCTGGACCTCGGGAGGCGTGC	0.0	0.0	0.0	0.0	0.0	7.105263157894736	10.041322314049587	0.0
AGATACGGTTTTTATTCTATTTGGAATCCG	0.0	0.0	0.0	0.0	0.0	0.0	12.272727272727273	0.0
AGATCACACATCTTAGGCCTCTTGAATTAG	0.0	1.5517241379310345	0.0	0.0	0.0	1.1842105263157894	11.15702479338843	0.0
AGATTATGGACCTCTCGTTTCTCTCGTCCA	0.0	0.0	0.0	0.0	8.0	11.842105263157894	10.041322314049587	0.0
AGATTCGGGATCTAGAACCCGTGTCCCGCT	0.0	0.0	0.0	0.0	0.0	0.0	12.272727272727273	0.0
AGCAGCTATTATTGTTGATTATCTTCGGAA	0.0	0.0	0.0	0.0	0.0	0.0	8.925619834710744	0.0
AGCAGGCTTGTCTCTCAAATGTCAGCACCT	0.0	0.0	0.0	0.0	0.0	29.605263157894733	3.347107438016529	0.0
AGCCCAGAACTGTAACGTGATTGTTACACG	0.0	0.0	0.0	0.0	0.0	0.0	36.81818181818182	0.0
AGCCTAGATCCTTTAAAATGCTGGTCAGCA	0.0	4.655172413793103	0.0	0.0	1.0	0.0	8.925619834710744	0.0
AGCGGAGACTCCTTGTTGAAAGTCCCTGGG	0.0	0.0	0.0	0.0	2.0	28.421052631578945	3.347107438016529	0.0
AGCGGCGCCGCGTGCCCGCCCTTAACACAG	0.0	0.0	0.0	0.0	0.0	0.0	17.85123966942149	0.0
AGCGTGCGTCTGTAAAATGGTGGAGCCTAG	0.0	0.0	0.0	0.0	1.0	1.1842105263157894	10.041322314049587	0.0
AGCGTTAGGTGTGTGTAAGTCGATGAAGTC	0.0	0.0	0.0	0.0	0.0	0.0	12.272727272727273	0.0
AGCGTTGCCAATAAATCGGATGGCGTCCGA	0.0	0.0	0.0	0.0	0.0	0.0	13.388429752066116	0.0
AGCTACTTGTAAACTCGCCGCAAAGGAGGA	0.0	0.0	0.0	0.0	0.0	0.0	7.809917355371901	0.0
AGCTGTCTCTAATGTGGAATTCACAAGTGT	0.0	0.0	0.0	0.0	0.0	22.5	23.429752066115704	0.0
AGCTGTGCTAAAGAACTCGTGAATAGATGA	0.0	20.17241379310345	0.0	0.0	0.0	1.1842105263157894	0.0	0.0
AGCTTTATCGGGCTGTATTCGCCCACGATG	3.24	0.0	0.0	0.0	0.0	0.0	14.50413223140496	0.0
AGGAAACCGTACTCCCGTTTCTAATGTCTT	0.0	0.0	0.0	0.0	0.0	0.0	17.85123966942149	0.0
AGGAGGCGAACTCGTAATGTTGGTCTACTA	0.0	0.0	0.0	0.0	0.0	29.605263157894733	0.0	0.0
AGGAGTTTTACGTGATTCCCGCGTAAGGTC	0.0	0.0	0.0	0.0	0.0	1.1842105263157894	12.272727272727273	0.0
AGGATAAGTGTACAACGCGATCGTAGCCTG	0.0	0.0	0.0	0.0	0.0	0.0	18.96694214876033	2.0454545454545454
AGGCACCGCGCCGCGGAGTCGTGCACACGG	0.0	0.0	0.0	0.0	0.0	0.0	12.272727272727273	0.0
AGGCAGTCACCTCCTCAGCGTGGATCTGGC	0.0	0.0	0.0	0.0	0.0	0.0	7.809917355371901	0.0
AGGCCCTGGGTCTGCCACTAAGGGGGAGTT	0.0	0.0	0.0	0.0	0.0	0.0	13.388429752066116	0.0
AGGCGGTGGGCTGGAGAAGACCGTTTCAGG	7.5600000000000005	3.103448275862069	0.0	0.0	0.0	0.0	4.462809917355372	0.0
AGGGAGGCGTACTTTGGGTTGGAGTTGGGG	0.0	0.0	0.0	0.0	0.0	1.1842105263157894	7.809917355371901	0.0
AGGGATCTAAGCATCTTAACTTGGGTACTG	0.0	0.0	0.0	0.0	0.0	0.0	12.272727272727273	0.0
AGGGATGTGAGTCGCGCAAAGGCTTGTTAT	0.0	0.0	0.0	0.0	0.0	0.0	11.15702479338843	0.0
AGGGCACATGTCGATTTAACATTGTCGGCA	0.0	0.0	0.0	0.0	0.0	9.473684210526315	0.0	0.0
AGGGGTCCTTTCTTTCTCCGCCGTGGCAAT	0.0	12.413793103448276	1.0975609756097562	0.0	0.0	0.0	6.694214876033058	0.0
AGGTAGGCTTCATATCTGGTGTTAAACTAG	0.0	0.0	0.0	0.0	0.0	8.289473684210526	4.462809917355372	0.0
AGGTAGTTACCGGGTCAATTGTTAGGGCAT	0.0	20.17241379310345	2.1951219512195124	0.0	0.0	1.1842105263157894	2.231404958677686	0.0
AGGTCCTGGGGCGCGGGCGGGTGAGGCACC	0.0	0.0	0.0	0.0	0.0	2.3684210526315788	8.925619834710744	0.0
AGGTCTCGTACAGTGGCGCCGTGGGCTGGG	0.0	0.0	0.0	0.0	0.0	0.0	22.31404958677686	0.0
AGGTCTGACGATTGAGTTTAACATGAGGTC	0.0	0.0	0.0	0.0	0.0	0.0	6.694214876033058	0.0
AGGTGATTTATGTTCGGCGTGATTATCCTC	0.0	0.0	0.0	0.0	0.0	0.0	6.694214876033058	0.0
AGGTGGATGGAAGGAGTTGGATGACTCGTA	0.0	0.0	0.0	0.0	0.0	0.0	61.36363636363637	0.0
AGGTTGGACGAAGGGCACTCTAACCCGTTC	0.0	0.0	8.78048780487805	0.0	0.0	1.1842105263157894	0.0	0.0
AGTAACGTAACGCCAAGCACTTATACCTCT	0.0	15.517241379310345	0.0	0.0	0.0	0.0	10.041322314049587	0.0
AGTAAGTACGTCGGTGGGGTTTCGACAAGT	0.0	0.0	0.0	0.0	0.0	0.0	8.925619834710744	0.0
AGTAATCGCTGGACCAATCACGGGACAGGT	0.0	6.206896551724138	3.2926829268292686	0.0	0.0	2.3684210526315788	13.388429752066116	0.0
AGTAGATAGGTGAGAGGAACGTGGACTGTC	0.0	0.0	0.0	0.0	0.0	0.0	6.694214876033058	0.0
AGTAGATATACTTGCAATCTGGAATCTGAC	9.72	4.655172413793103	0.0	0.0	0.0	0.0	0.0	0.0
AGTAGGGGATATACGTCGAGATCATCGATG	0.0	0.0	0.0	0.0	26.0	0.0	0.0	0.0
AGTCAATGGATTCTAAACGGTTATTGGCTT	0.0	0.0	0.0	0.0	0.0	0.0	8.925619834710744	0.0
AGTCATGCCTTTGCGTTGGTTCACACGAAG	0.0	0.0	0.0	0.0	0.0	13.026315789473683	7.809917355371901	0.0
AGTCCCGAAGAGTATGTCTCGAAGGTCACG	0.0	0.0	0.0	0.0	0.0	0.0	18.96694214876033	0.0
AGTCCTCAGTGTAACTCGTGCATTGCTCAT	0.0	0.0	0.0	0.0	0.0	8.289473684210526	10.041322314049587	0.0
AGTCGCGTAGGTGCGGGCGGCTGGCGCACC	0.0	0.0	0.0	0.0	0.0	0.0	16.735537190082646	0.0
AGTGGAATTAAAGTTAATGATCACGAGAGC	6.48	1.5517241379310345	0.0	0.0	0.0	0.0	5.578512396694215	0.0
AGTTATTCGGAAGCTTCCATGTTCCACAGC	0.0	9.310344827586206	0.0	0.0	0.0	0.0	0.0	0.0
AGTTCTGCCCTCATAATAGGTTATTGGTGC	0.0	0.0	0.0	0.0	0.0	0.0	6.694214876033058	0.0
AGTTGTCGCCACTAACAGTGGTATGCTCTC	2.16	20.17241379310345	0.0	0.0	0.0	0.0	1.115702479338843	0.0
AGTTTCCGATACAAGCGTGGTATGATTATG	0.0	0.0	0.0	0.0	0.0	0.0	10.041322314049587	0.0
AGTTTCGGGGTGGTTGAGCACAAGTATCCA	0.0	0.0	0.0	0.0	0.0	0.0	6.694214876033058	0.0
AGTTTGCTCTCCAGCTCGTGTCCAATCTGG	0.0	0.0	0.0	0.0	0.0	2.3684210526315788	7.809917355371901	0.0
AGTTTGGAAGGGGTATATGTATTGCTATAG	0.0	0.0	0.0	0.0	0.0	9.473684210526315	0.0	0.0
AGTTTTTTTATATCGCATTTCGGAGTCCTG	0.0	0.0	0.0	0.0	0.0	0.0	6.694214876033058	0.0
ATAATGGGTGCGTTACCGTAATCTAGCTGA	3.24	0.0	0.0	0.0	0.0	23.684210526315788	4.462809917355372	0.0
ATACAATGTCCACCTTTGCTGTACCGTACA	0.0	15.517241379310345	0.0	0.0	0.0	0.0	1.115702479338843	0.0
ATACGGATTTCTTTCTACATTGCCTAGGGA	0.0	0.0	0.0	0.0	0.0	8.289473684210526	2.231404958677686	0.0
ATACGTGGTTTGCCTCTCTTTGTTCTTAAT	1.08	0.0	0.0	0.0	0.0	0.0	17.85123966942149	0.0
ATACTGCTGAAAGAGACATAAATTAGCTTG	0.0	0.0	0.0	0.0	0.0	10.657894736842104	1.115702479338843	0.0
ATAGAATGGCGAATGCCATTCTTTGGTCAA	3.24	20.17241379310345	0.0	0.0	0.0	0.0	0.0	0.0
ATAGAGCAGTGGAGATGGGCTCCGTGCATT	0.0	0.0	0.0	0.0	0.0	15.394736842105262	7.809917355371901	0.0
ATAGGGAGAGTGTGGGTCCATGGTAGGTGC	0.0	0.0	0.0	0.0	0.0	0.0	6.694214876033058	0.0
ATATCAGGACACTCTGCGAAGGGCTTGCTC	0.0	0.0	0.0	0.0	4.0	5.921052631578947	6.694214876033058	0.0
ATATGCGTCGCAGGGGAAGACCAAGTTATT	0.0	0.0	0.0	0.0	0.0	0.0	6.694214876033058	0.0
ATCAGGAGGCTCGCTGATTTCCTTTCTGGG	0.0	0.0	0.0	0.0	0.0	0.0	10.041322314049587	0.0
ATCAGTTAGTTGGAGCTTCTCTTACAGTCA	0.0	0.0	0.0	0.0	1.0	0.0	12.272727272727273	0.0
ATCCTCGCCCTGTATGGACGTTAAGCGCCT	0.0	0.0	0.0	0.0	0.0	13.026315789473683	0.0	0.0
ATCCTTTGGCCTTTTTTTGCTTTGCCTTGT	0.0	0.0	0.0	0.0	8.0	11.842105263157894	4.462809917355372	0.0
ATCGTTTTACTATCCTAACGTGAATTCGTA	0.0	0.0	0.0	0.0	0.0	2.3684210526315788	8.925619834710744	0.0
ATCTTAAACACGCCGCTGTACTGGGGTGCT	6.48	0.0	0.0	0.0	0.0	0.0	0.0	0.0
ATCTTGTCCTCGACACTCTGAACCGACGGG	0.0	0.0	0.0	0.0	0.0	0.0	18.96694214876033	0.0
ATCTTGTCGACTTACGGGCAAACTGGAGTC	0.0	0.0	0.0	0.0	0.0	0.0	61.36363636363637	0.0
ATGAAGCGCTGATCCTTTAATATTCTCGTG	5.4	1.5517241379310345	0.0	0.0	0.0	7.105263157894736	7.809917355371901	0.0
ATGAATTGGTGCCCTCACCTGTTCGATTTG	0.0	0.0	0.0	0.0	1.0	10.657894736842104	0.0	0.0
ATGATTGCCGTAAAATGTATTGGCAGGTAC	0.0	0.0	0.0	0.0	0.0	0.0	16.735537190082646	0.0
ATGCATGACTTTTTGGCTGTCTTTGGATAA	0.0	10.862068965517242	0.0	0.0	0.0	0.0	32.35537190082645	0.0
ATGCCACAGTTGGACCTTATTAGGATCTAA	3.24	0.0	0.0	0.0	0.0	0.0	12.272727272727273	0.0
ATGCGCATTAATACTGGGGAATTAAGTAGT	0.0	0.0	0.0	0.0	2.0	0.0	14.50413223140496	0.0
ATGCGTTTTGTAGTACTAGTGTTGGTAATG	1.08	1.5517241379310345	0.0	0.0	0.0	0.0	7.809917355371901	0.0
ATGGTATTAAGAGCCTACTGCCACGGGGTT	0.0	4.655172413793103	0.0	0.0	0.0	0.0	10.041322314049587	0.0
ATGTAATAAGGTACAGTGACCCTATCCTTC	0.0	0.0	0.0	0.0	0.0	0.0	21.198347107438018	0.0
ATGTATTATTGCGATGGAGGCTTGCCCTTC	0.0	13.96551724137931	0.0	0.0	0.0	0.0	11.15702479338843	0.0
ATGTCACTATCCTGGGGCCACGGTCGCGAC	0.0	0.0	0.0	0.0	7.0	27.236842105263158	0.0	0.0
ATGTCCCGGAATCTTTGCAGGCAGATTCTA	3.24	15.517241379310345	0.0	0.0	0.0	0.0	0.0	0.0
ATGTGCACTGTATTTGGCTCTCACCTATGA	0.0	6.206896551724138	0.0	0.0	0.0	2.3684210526315788	7.809917355371901	0.0
ATGTGGGAAGCATGCGGGCTTTTTTGACGT	0.0	0.0	0.0	0.0	1.0	3.552631578947368	10.041322314049587	0.0
ATGTGTAAGTGGAGTGTGGGCAGAGTAGAA	0.0	0.0	0.0	0.0	1.0	8.289473684210526	0.0	0.0
ATGTTAGCTACTTGTGGCTTTGTATCTGGC	0.0	0.0	0.0	0.0	0.0	0.0	8.925619834710744	0.0
ATGTTGGTGGTCGACGGCTTTTTAAGGACT	0.0	0.0	0.0	0.0	0.0	0.0	7.809917355371901	0.0
ATGTTTTTAAGCTACGGCCCTCAAGGTAGA	0.0	0.0	0.0	0.0	0.0	2.3684210526315788	6.694214876033058	0.0
ATTAATTATGTAGCAGGCAGAATGCTTCCT	0.0	0.0	0.0	0.0	0.0	0.0	10.041322314049587	0.0
ATTACGATTCAGATGGTTGGTTATTCTGAG	0.0	0.0	0.0	0.0	0.0	0.0	7.809917355371901	0.0
ATTACTTCAAAGAGCTGTCTAAATCTGACG	0.0	0.0	0.0	0.0	0.0	0.0	6.694214876033058	0.0
ATTAGCACTTATTTGATTTCTGCTTCTTAA	0.0	3.103448275862069	1.0975609756097562	0.0	0.0	8.289473684210526	12.272727272727273	0.0
ATTAGGAAAAACCTGGGCCGTTATTGGATG	0.0	0.0	0.0	0.0	0.0	0.0	15.619834710743802	0.0
ATTAGGGCGAGCCTGATTCGTTCGATCGGG	0.0	0.0	0.0	0.0	0.0	3.552631578947368	18.96694214876033	0.0
ATTAGGTTACCTGTGTGGATCCGGACCGGT	0.0	21.724137931034484	6.585365853658537	0.0	0.0	0.0	0.0	0.0
ATTCCCGATGTGATGATCGAACGATCGTCA	4.32	0.0	0.0	0.0	0.0	0.0	6.694214876033058	0.0
ATTCCTCTTTCGTGGCTCGTTATCCGACTT	0.0	0.0	0.0	0.0	0.0	1.1842105263157894	6.694214876033058	0.0
ATTCGAGCGTGACAGCGCCTCGGCGCCTAG	0.0	0.0	0.0	0.0	0.0	2.3684210526315788	10.041322314049587	0.0
ATTCGTTTTTAGGATGGGTGACTTCCTCAC	0.0	0.0	0.0	0.0	0.0	0.0	17.85123966942149	0.0
ATTCTTGTAAGTTACGACAGACATGGACGC	0.0	18.620689655172413	1.0975609756097562	0.0	0.0	0.0	22.31404958677686	0.0
ATTGATCTTAAGGCTACCTCGGTTAGCCCA	0.0	7.758620689655173	0.0	0.0	0.0	0.0	11.15702479338843	0.0
ATTGATTATGGTATCCCATATGTTGAAGAT	0.0	0.0	0.0	0.0	0.0	24.868421052631575	2.231404958677686	0.0
ATTGGTGTCTCACTGGGTTTGCTCAGCGGG	6.48	6.206896551724138	0.0	0.0	0.0	0.0	0.0	0.0
ATTTACGTCTTTTCGTCACAGTTCATCAAT	5.4	3.103448275862069	0.0	0.0	0.0	3.552631578947368	8.925619834710744	0.0
ATTTCGCTCTCACTGGCTTTCTTGAACGGT	0.0	0.0	0.0	0.0	0.0	0.0	10.041322314049587	0.0
ATTTTCCGTCTCGTACCTAGTTAACACAGT	0.0	0.0	0.0	0.0	0.0	2.3684210526315788	18.96694214876033	0.0
ATTTTCGTATGCTCAAAGAATTCGGCGCGC	0.0	0.0	0.0	0.0	0.0	0.0	16.735537190082646	0.0
CAAAAAACCAGCTTCATTCAGTTCCTGATT	0.0	7.758620689655173	0.0	0.0	0.0	1.1842105263157894	10.041322314049587	0.0
CAAACCTCCGAAGTCACCATCGCTAGGTCG	6.48	10.862068965517242	0.0	0.0	0.0	2.3684210526315788	0.0	0.0
CAAATCCTGGTGGGAGGGATCATAATCTTT	0.0	0.0	0.0	0.0	0.0	0.0	6.694214876033058	0.0
CAAATTAGAATTGTTCCTTGGGAACTGTTA	0.0	20.17241379310345	1.0975609756097562	0.0	0.0	3.552631578947368	13.388429752066116	0.0
CAACCATCCTTCATTCGCATTTTATATATT	0.0	0.0	0.0	0.0	0.0	0.0	15.619834710743802	0.0
CAACGTTGCATATCTCTGCGCTTGGCTACC	0.0	0.0	0.0	0.0	0.0	8.289473684210526	24.545454545454547	0.0
CAAGACTTTCGGGTCCGGTTTGACTTTTCA	0.0	0.0	0.0	0.0	0.0	7.105263157894736	0.0	0.0
CAAGCCTCTTCGAAAGTTGAGGAATTACTC	0.0	0.0	0.0	0.0	0.0	0.0	25.66115702479339	0.0
CAATGACAGCCTTGTGGCTGGTGGGAAGTA	0.0	38.793103448275865	2.1951219512195124	0.0	0.0	0.0	1.115702479338843	0.0
CAATGTTGAGCTAGACTATCGCTGTAGTCC	5.4	1.5517241379310345	0.0	0.0	0.0	0.0	8.925619834710744	0.0
CACAAAAACTGCGCTTCAGAGCCATTAGTT	0.0	0.0	0.0	0.0	1.0	11.842105263157894	3.347107438016529	0.0
CACACAAGGAATTTTGGTGTGAGATCGTTT	0.0	0.0	0.0	0.0	0.0	24.868421052631575	13.388429752066116	0.0
CACAGAATGTTGGTGTTTTCTTGCTTCTGT	7.5600000000000005	6.206896551724138	0.0	0.0	0.0	0.0	0.0	0.0
CACCCCGCAAAGATCTAAATCCGATTCAGG	0.0	0.0	0.0	0.0	0.0	4.7368421052631575	20.082644628099175	0.0
CACCTGTATTGGAGTTAGGGTGATTACAGC	0.0	0.0	0.0	0.0	0.0	7.105263157894736	0.0	0.0
CACGGTTAACCATAGCGTTCCTTCCAGGAT	0.0	0.0	0.0	0.0	0.0	0.0	14.50413223140496	0.0
CACGTGGGGTCCTTGTAGTGATCGGACAGG	0.0	6.206896551724138	0.0	0.0	0.0	0.0	18.96694214876033	0.0
CACTCCGGTAAGTACACGCGTTTATATGCA	0.0	0.0	0.0	0.0	0.0	0.0	6.694214876033058	0.0
CACTTGATTCCAGGCGTCCGCCAATTAAAC	0.0	0.0	0.0	0.0	0.0	4.7368421052631575	14.50413223140496	0.0
CAGAAGATGGCTCGCGGTGTGGGAGCGTCG	0.0	12.413793103448276	0.0	0.0	0.0	0.0	3.347107438016529	0.0
CAGAAGGTGGATAGAATGATGAGTTTTTCA	0.0	0.0	0.0	0.0	0.0	7.105263157894736	30.123966942148762	0.0
CAGACGTCGGCTTGAAAGAGGTTCGGGGTC	0.0	0.0	0.0	0.0	7.0	2.3684210526315788	6.694214876033058	0.0
CAGAGGGAGTCCAGGTACCTTTATTCTGAG	0.0	0.0	0.0	0.0	0.0	0.0	11.15702479338843	0.0
CAGATCTATGCTCTATCATGTTGAAACATA	0.0	3.103448275862069	0.0	0.0	0.0	1.1842105263157894	11.15702479338843	0.0
CAGCAATTACGTTAATGATTATCACGGTTG	0.0	3.103448275862069	0.0	0.0	0.0	16.57894736842105	0.0	0.0
CAGCACGTCTTGACTTGTGTTTGAGCCGTG	0.0	0.0	0.0	0.0	0.0	11.842105263157894	0.0	0.0
CAGCCCCCACTTAGGCGCTTGGAAGTCGGG	0.0	0.0	0.0	0.0	0.0	7.105263157894736	0.0	0.0
CAGCGTGAATGTAAAGTGACTGAAGTCTTA	0.0	0.0	0.0	0.0	5.0	18.94736842105263	0.0	0.0
CAGCGTTAAACTTTTTTTGCCCCAAGATGT	0.0	0.0	0.0	0.0	0.0	0.0	18.96694214876033	0.0
CAGCTACACGGTGCCGGGGCCCCGGGGTTC	33.480000000000004	3.103448275862069	0.0	0.0	0.0	1.1842105263157894	0.0	0.0
CAGCTCATCCGCAACCCAATATGATAATGC	0.0	0.0	0.0	0.0	0.0	3.552631578947368	7.809917355371901	0.0
CAGCTCTTGAACGGTGCGCACGGGAGCGTC	0.0	0.0	0.0	0.0	0.0	0.0	7.809917355371901	0.0
CAGGCTTTGTGACATTATGCAGTCGCACTC	0.0	0.0	0.0	0.0	0.0	0.0	8.925619834710744	0.0
CAGGGACCTCGTCACACCACCGTCGTGGCT	0.0	0.0	0.0	0.0	0.0	0.0	7.809917355371901	0.0
CAGGTCAAAAAAGTTCTTCGTTTAGTTCGC	4.32	17.06896551724138	0.0	0.0	0.0	0.0	0.0	0.0
CAGGTTTAAGCATTTATTCTACATGGGAAG	20.520000000000003	10.862068965517242	0.0	0.0	0.0	0.0	0.0	0.0
CAGTCACTTACCACGATCTGTTCTCGCCAT	0.0	0.0	0.0	0.0	0.0	9.473684210526315	0.0	0.0
CAGTGCAACTGCCCACTTGCATGTTCGTTA	0.0	0.0	0.0	0.0	5.0	27.236842105263158	0.0	0.0
CAGTGCTTGTATTGCACGATGTGGGCTCCC	0.0	0.0	0.0	0.0	0.0	0.0	16.735537190082646	0.0
CAGTGGGTGTACCGACCTGGAAGATGATTC	0.0	0.0	0.0	0.0	0.0	0.0	22.31404958677686	0.0
CAGTTAGTACAATTTACTTGTATGGCGCCT	8.64	9.310344827586206	1.0975609756097562	0.0	0.0	0.0	1.115702479338843	0.0
CAGTTGGGGCAGTGTAAGGCTGGTGTCATC	0.0	0.0	0.0	0.0	0.0	0.0	11.15702479338843	0.0
CATAAAACGGGATGTAAATCTTTCTTGTAA	0.0	0.0	0.0	0.0	0.0	2.3684210526315788	6.694214876033058	0.0
CATAAGCCTCGTAATTCGCATTGGGGAGGG	0.0	0.0	0.0	0.0	0.0	0.0	14.50413223140496	0.0
CATAAGCTTCCCAATACGAAGTACTAGCAA	0.0	0.0	0.0	0.0	0.0	0.0	18.96694214876033	0.0
CATAGCTGTCACTTTCATCGGCGGACTCCT	9.72	7.758620689655173	1.0975609756097562	0.0	0.0	0.0	16.735537190082646	0.0
CATATTACGGGTGGGGTGATGGCCCGGCAT	0.0	0.0	0.0	0.0	0.0	0.0	8.925619834710744	0.0
CATCAGAGACGTTCACAGGGTAGTCTTCCC	0.0	0.0	0.0	0.0	0.0	13.026315789473683	0.0	0.0
CATCCGAACTTTACGCCTTCCGTGTTGATC	10.8	0.0	0.0	0.0	0.0	2.3684210526315788	10.041322314049587	0.0
CATCGAGGCTATATTGTACTGCGGGACAAC	0.0	0.0	0.0	0.0	0.0	0.0	7.809917355371901	0.0
CATGACGCCCTAGATTTGTTAATCCGACGA	0.0	0.0	0.0	0.0	2.0	21.31578947368421	0.0	0.0
CATGTATTTGTTCAAGATCTCTCTCATGAT	0.0	0.0	0.0	0.0	0.0	0.0	7.809917355371901	0.0
CATGTGGCTGTCCTTTAAGTGCGTACAGGC	0.0	0.0	0.0	0.0	0.0	1.1842105263157894	27.892561983471076	0.0
CATTCCTATTTACGTATGTAGTCAGTTTAC	0.0	17.06896551724138	5.487804878048781	0.0	0.0	0.0	14.50413223140496	0.0
CATTGTGCCATAGACGAAAATACTGCTCGC	0.0	0.0	0.0	0.0	0.0	7.105263157894736	0.0	0.0
CATTTAGGAGCTATGAAAGTCTAGGCAGAT	0.0	10.862068965517242	0.0	0.0	0.0	1.1842105263157894	8.925619834710744	0.0
CCAACTTGGTCGGGCATTATGTGGCGTTGT	1.08	0.0	1.0975609756097562	0.0	0.0	0.0	12.272727272727273	0.0
CCAAGAGGATGTGTGAAAAGACATTTTGGA	2.16	0.0	0.0	0.0	0.0	1.1842105263157894	24.545454545454547	0.0
CCAATAGGGGCTTATATGTTCGGAGTCGTA	0.0	43.44827586206897	0.0	0.0	0.0	0.0	2.231404958677686	0.0
CCAATGGGTACTTCTTTCAAGTTAGATAGT	0.0	0.0	0.0	0.0	0.0	7.105263157894736	0.0	0.0
CCAATTCTTCTGTGAGTAACCGGGACTTGT	0.0	0.0	0.0	0.0	0.0	0.0	14.50413223140496	0.0
CCACACAATCAAGGTAGAGATATGATTGCA	0.0	0.0	0.0	0.0	5.0	4.7368421052631575	11.15702479338843	0.0
CCACGAGTGGACCGCGGGAGCAACGGGGGG	0.0	0.0	0.0	0.0	0.0	0.0	18.96694214876033	0.0
CCACTACTATGCGTGGTTATATTGGTAAGT	1.08	9.310344827586206	0.0	0.0	0.0	0.0	4.462809917355372	0.0
CCACTTGTGAACCGTATACCCGCCAACAAC	3.24	60.51724137931034	0.0	0.0	0.0	0.0	0.0	0.0
CCAGCCCTTAGGCTACCACTCAGTGTGCGG	0.0	0.0	0.0	0.0	0.0	0.0	7.809917355371901	0.0
CCATATTTAAGCGTGAAGCAATTTTGTGCA	25.92	3.103448275862069	0.0	0.0	0.0	0.0	0.0	0.0
CCATGTGACTTTCGTTCTCTTTAACCCGGT	0.0	0.0	0.0	0.0	0.0	0.0	20.082644628099175	0.0
CCATGTGTAGTTGATATTAAAGGCAAGCGA	0.0	0.0	0.0	0.0	0.0	0.0	30.123966942148762	0.0
CCATTATAGGCGAGTCTGGCTCTTGCACCC	0.0	0.0	0.0	0.0	0.0	0.0	10.041322314049587	0.0
CCCATAGCGAGAAATGTTAGTGCACGTGGG	0.0	0.0	0.0	0.0	0.0	0.0	7.809917355371901	0.0
CCCCAGGTGGTCTTCCAGGTGGCCGTCTCG	0.0	0.0	0.0	0.0	0.0	17.763157894736842	0.0	0.0
CCCCGGGTCGGATATGAACAGTTCGTATGC	0.0	0.0	0.0	0.0	0.0	13.026315789473683	36.81818181818182	0.0
CCCGGAACGCACTGCGGCAGTTTCATCTAT	0.0	0.0	0.0	0.0	0.0	0.0	8.925619834710744	0.0
CCCTAGCTCCAACTCGGGGGAATCGATATG	0.0	0.0	0.0	0.0	0.0	0.0	6.694214876033058	0.0
CCCTATGTGTGACGGCCGACAGGATGGTTG	14.040000000000001	1.5517241379310345	0.0	0.0	1.0	3.552631578947368	4.462809917355372	0.0
CCCTGCTCCTCCGCTCCGTCATTTGGTGTG	0.0	0.0	0.0	0.0	0.0	0.0	14.50413223140496	0.0
CCCTGGATGGCCCATACTTTGCTTCGATCT	0.0	13.96551724137931	0.0	0.0	0.0	1.1842105263157894	1.115702479338843	0.0
CCGAAAACCAGGCAAATTGAGCTAGGATTT	0.0	0.0	0.0	0.0	0.0	0.0	26.776859504132233	0.0
CCGAAGAACCAGGACGGTCTGCCGTCTTTG	0.0	0.0	0.0	0.0	0.0	0.0	13.388429752066116	0.0
CCGACTCTAAGGATTTTTAATCCATAGGGC	0.0	0.0	0.0	0.0	0.0	0.0	10.041322314049587	0.0
CCGATCCACACATATCGCTATCATAATTTC	0.0	0.0	0.0	0.0	0.0	0.0	18.96694214876033	0.0
CCGCATCTGAAATTAGCGATTATCGTACTC	0.0	0.0	0.0	0.0	0.0	2.3684210526315788	11.15702479338843	0.0
CCGCGATCGTGGGTGCAGGCTGACCTCCGA	1.08	0.0	0.0	0.0	0.0	0.0	32.35537190082645	0.0
CCGCGCTAGGGAGGTAGGTGTGTGAAACTT	0.0	0.0	0.0	0.0	0.0	0.0	23.429752066115704	0.0
CCGGATACCTTCGGGGTGTTGTACATTTTG	0.0	4.655172413793103	0.0	0.0	0.0	0.0	14.50413223140496	0.0
CCGGGACTATGTTTGCTGTTAGTTATTAGT	0.0	0.0	1.0975609756097562	0.0	0.0	0.0	10.041322314049587	0.0
CCGGTAGAAGGGTGTAGCGGTGTACGTCTG	0.0	0.0	0.0	0.0	2.0	20.131578947368418	0.0	0.0
CCGGTTTGCTTCGTAGTTCGCCTACACGAA	3.24	3.103448275862069	0.0	0.0	0.0	0.0	7.809917355371901	0.0
CCGTCACCTTGCCGGGGTATGGCTCTGATC	0.0	0.0	0.0	0.0	0.0	0.0	8.925619834710744	0.0
CCTAAGGGTGCACAGCGCCGTCAGACTATC	1.08	4.655172413793103	0.0	0.0	0.0	0.0	40.16528925619835	0.0
CCTAGGGCTGTCAGGGCTGTCACGTGGCTG	0.0	0.0	0.0	0.0	0.0	1.1842105263157894	6.694214876033058	0.0
CCTGACGTAGGGCTTCCGTCTGTTACGCGC	0.0	0.0	0.0	0.0	0.0	0.0	7.809917355371901	0.0
CCTGTTATCTTTCATTCTTACCGTCTGGCT	2.16	55.86206896551724	1.0975609756097562	0.0	0.0	0.0	0.0	0.0
CCTGTTCTTAGCTCGCAGACGGATATTGGA	0.0	0.0	0.0	0.0	0.0	14.210526315789473	2.231404958677686	0.0
CCTTACTTGCACATTCCGCAACGAAGGTGT	0.0	1.5517241379310345	0.0	0.0	0.0	1.1842105263157894	45.743801652892564	0.0
CCTTATCCTTAACTGAGTTGCGTTTCGTGT	0.0	0.0	0.0	0.0	0.0	0.0	7.809917355371901	0.0
CCTTCATTAGTTAGTCCTCGGACACGGATT	0.0	0.0	0.0	0.0	0.0	1.1842105263157894	14.50413223140496	0.0
CCTTGAGTCGCGAGGTCGCCTAACTGACGG	0.0	0.0	0.0	0.0	0.0	13.026315789473683	0.0	0.0
CCTTTAGTTGACCAGCTTGTATCTAGCGTG	3.24	0.0	0.0	0.0	0.0	0.0	6.694214876033058	0.0
CGAAATTCTTTATCACCGTCATGGCCATCC	0.0	0.0	0.0	0.0	0.0	0.0	16.735537190082646	0.0
CGACGACCTTCTGCTTCATTGAACAGAATA	0.0	0.0	0.0	0.0	0.0	0.0	6.694214876033058	0.0
CGAGAGGTTTCGGCGATACTTACAACCCTT	0.0	9.310344827586206	0.0	0.0	0.0	0.0	0.0	0.0
CGAGGTTGAGTCCTAAATCTAAGATCTACA	0.0	51.206896551724135	6.585365853658537	0.0	0.0	0.0	10.041322314049587	0.0
CGAGTGTGTAACTCTCCGACGTTCTCTATT	0.0	15.517241379310345	0.0	0.0	0.0	0.0	4.462809917355372	0.0
CGATAAGCTTCGTGGGACAACCAAGTAGCG	0.0	0.0	0.0	0.0	0.0	0.0	12.272727272727273	0.0
CGATGGGAATCATTGGTTATATGTCTGCCC	0.0	12.413793103448276	2.1951219512195124	0.0	0.0	0.0	20.082644628099175	0.0
CGATTCGTTAGTCTGGACTTTTTCTCCTCC	0.0	0.0	0.0	0.0	0.0	1.1842105263157894	6.694214876033058	0.0
CGATTCTGGGCCGGCGGACCTTTTGCCGGC	0.0	0.0	0.0	0.0	0.0	7.105263157894736	0.0	0.0
CGCAAACTAGCTATCGTCAAGCATGCGGGC	0.0	0.0	0.0	0.0	0.0	0.0	27.892561983471076	0.0
CGCAAAGTAAATCCTGAATTCATAGTTCCG	0.0	1.5517241379310345	0.0	0.0	0.0	0.0	29.00826446280992	0.0
CGCAATGATCAGGTAAGGCTTCTTCTTCAT	0.0	0.0	0.0	0.0	0.0	1.1842105263157894	13.388429752066116	0.0
CGCACGGGGGAGTGGCAAATCTTATCGGGG	8.64	3.103448275862069	0.0	0.0	0.0	0.0	4.462809917355372	0.0
CGCCATCTATAAATGAAAAATAAGTCTGGG	0.0	0.0	0.0	0.0	0.0	2.3684210526315788	18.96694214876033	0.0
CGCCGATCTGCACCTGGCAAAACTTTCCCG	0.0	9.310344827586206	0.0	0.0	0.0	1.1842105263157894	3.347107438016529	0.0
CGCCTTCGAGTTGAATGCTACTGACGTGGG	2.16	0.0	1.0975609756097562	0.0	0.0	0.0	10.041322314049587	0.0
CGCGAGACGTGTATGGGCAAAAAGCGTTCC	0.0	15.517241379310345	0.0	0.0	0.0	0.0	8.925619834710744	0.0
CGCTGTTACGCGCATGGTAGGGTCTCGGGG	0.0	0.0	0.0	0.0	0.0	0.0	8.925619834710744	0.0
CGCTTCTCTTGTCGTGGCCCTCAATCATCA	0.0	0.0	0.0	0.0	0.0	0.0	10.041322314049587	0.0
CGGAAAGGGTTTGGATTGGTAGGTCCCGTT	0.0	0.0	0.0	0.0	0.0	0.0	6.694214876033058	0.0
CGGAAATTTCCACTTAACAACTTCAGACTT	0.0	0.0	0.0	0.0	0.0	0.0	7.809917355371901	0.0
CGGACGCTCCGTACAGCATCATTTATAGTT	0.0	6.206896551724138	0.0	0.0	0.0	0.0	18.96694214876033	0.0
CGGCTACCATTGAACAATCCGTGAGATTTT	0.0	0.0	0.0	0.0	0.0	0.0	10.041322314049587	0.0
CGGCTCCATAGACCTTGCGTTGGCACCTAC	0.0	0.0	0.0	0.0	2.0	9.473684210526315	0.0	0.0
CGGCTCTAATCGATTTCACAGTTGTTCCAG	0.0	0.0	0.0	0.0	0.0	0.0	8.925619834710744	0.0
CGGGACGAACCCAAGTGGGCGCAATAGAAG	0.0	0.0	0.0	0.0	0.0	0.0	7.809917355371901	0.0
CGGGAGAGTAATGGGGGCTCCGATGGGGCA	0.0	0.0	0.0	0.0	0.0	7.105263157894736	6.694214876033058	0.0
CGGTACCGGACCAAGGCGCTTGCTGGACTA	0.0	9.310344827586206	0.0	0.0	0.0	0.0	0.0	0.0
CGGTGCTTAGGAGTGAGAGTTGTATGCCGG	0.0	0.0	0.0	0.0	0.0	16.57894736842105	18.96694214876033	0.0
CGGTGTCCACGTATGTTTAGAAGTTGACTG	0.0	0.0	0.0	0.0	0.0	0.0	11.15702479338843	0.0
CGGTTAATGTTTAATACCGTTCGGGTGTTA	0.0	3.103448275862069	0.0	0.0	0.0	8.289473684210526	45.743801652892564	0.0
CGTAGGTGCAAGGCATCCGCGGACTACCGT	0.0	0.0	0.0	0.0	0.0	0.0	21.198347107438018	0.0
CGTAGTGCGCAGTGCGCAAACTTGGAAGAA	0.0	1.5517241379310345	0.0	0.0	0.0	0.0	6.694214876033058	0.0
CGTCATCTTATATTTACTATATTTGTTAGT	0.0	0.0	0.0	0.0	0.0	0.0	7.809917355371901	0.0
CGTCCGGGGCTCAGGTTTCCTGTACGCGTC	0.0	0.0	0.0	0.0	0.0	0.0	10.041322314049587	0.0
CGTCGGTCAGGATATTAATTATGGCGCTCG	0.0	0.0	0.0	0.0	0.0	8.289473684210526	10.041322314049587	0.0
CGTGACCCAAAGGTGTGGAAGGATTGAGGG	0.0	0.0	0.0	0.0	0.0	0.0	10.041322314049587	0.0
CGTGATCCCTAAAATTCGTCAAAAATCTTC	0.0	0.0	0.0	0.0	0.0	0.0	12.272727272727273	0.0
CGTGCTGTATCGAGGCCGTAGCAGTGTGGA	0.0	41.89655172413793	0.0	0.0	0.0	0.0	3.347107438016529	0.0
CGTGGGGGGCGGTGCAGAGGAGGCATCCGG	0.0	12.413793103448276	0.0	0.0	0.0	0.0	4.462809917355372	0.0
CGTGGTGATTCTTGAGTACGATAAAATGCT	0.0	0.0	0.0	0.0	0.0	0.0	10.041322314049587	0.0
CGTTCATTAAATCGATTAGGTCGTAATTTA	0.0	0.0	0.0	0.0	0.0	28.421052631578945	0.0	0.0
CGTTCCTTTTTGAATAAGCGCGTGTTCCGT	0.0	0.0	0.0	0.0	0.0	0.0	17.85123966942149	0.0
CTAAAAGCAAGTTGCAATTTCAGCTTAGTG	1.08	10.862068965517242	0.0	0.0	0.0	0.0	12.272727272727273	0.0
CTAACACTGGATAATGTTGATTGCCTCGAA	0.0	0.0	0.0	0.0	0.0	1.1842105263157894	37.93388429752066	0.0
CTAATCAACTGCCTACTTAGATTACATTTG	0.0	0.0	0.0	0.0	0.0	0.0	10.041322314049587	0.0
CTACTTACATAAAGCGTCGTCGCTCGCCTT	0.0	15.517241379310345	0.0	0.0	0.0	0.0	2.231404958677686	0.0
CTAGCTGGTCTAGACGGTTTTGGGAGGTAA	4.32	0.0	0.0	0.0	0.0	0.0	13.388429752066116	0.0
CTAGGTACGAGAATCGATGAGCATTATTCA	0.0	0.0	0.0	0.0	0.0	2.3684210526315788	7.809917355371901	0.0
CTATATGTTCCTTAGTTCACCATATCTGCC	0.0	0.0	0.0	0.0	0.0	1.1842105263157894	41.28099173553719	0.0
CTATTAACTAAGGTTGAGCGGGTTTTAGCG	0.0	0.0	0.0	0.0	3.0	8.289473684210526	0.0	0.0
CTATTGGGCTTTTCGGCTCTCGTAGGGAAC	0.0	77.58620689655173	3.2926829268292686	0.0	0.0	0.0	10.041322314049587	0.0
CTATTTTACGTTTGTGGTCGGCAAAGACCC	0.0	0.0	0.0	0.0	0.0	0.0	14.50413223140496	0.0
CTCAACACACTTTGGAGTGGAATATTCCAT	0.0	0.0	0.0	0.0	0.0	0.0	8.925619834710744	0.0
CTCAAGAAGTCGAGGTGGGGGGCGGAGCGG	2.16	0.0	0.0	0.0	0.0	0.0	7.809917355371901	0.0
CTCACTCCCTGTAGTCGAAGAAGCACCGTG	0.0	0.0	0.0	0.0	0.0	0.0	6.694214876033058	0.0
CTCCCCTCTACTTGACCAGGACTTACCTTT	0.0	0.0	0.0	0.0	1.0	0.0	12.272727272727273	0.0
CTCCCGACAGACTCTATGTGCGGGGCTTAA	0.0	0.0	0.0	0.0	0.0	9.473684210526315	1.115702479338843	0.0
CTCCGCGTTTATTTTTTTAATAGTTGACGT	0.0	32.58620689655172	0.0	0.0	0.0	2.3684210526315788	12.272727272727273	0.0
CTCCTTGACATTGCGAGGTGTCTGCGACTT	0.0	0.0	0.0	0.0	0.0	0.0	10.041322314049587	0.0
CTCGAATTAAGCCCACATTAGATGATCGTT	0.0	0.0	0.0	0.0	0.0	0.0	13.388429752066116	0.0
CTCGGTCACGGTAGGGGCCGTAAGTGGTTC	0.0	0.0	1.0975609756097562	0.0	15.0	1.1842105263157894	0.0	0.0
CTCGTACTTTGGTACGTTGATCTGTGTTAA	0.0	1.5517241379310345	1.0975609756097562	0.0	0.0	0.0	13.388429752066116	0.0
CTCTGCGTGTCAAAATGTGGACGCTGCATC	0.0	0.0	0.0	0.0	0.0	0.0	104.87603305785125	0.0
CTCTGGTTTGTACGTACCGTAGGATCCTGT	0.0	0.0	0.0	0.0	0.0	2.3684210526315788	6.694214876033058	0.0
CTGAAAGCACATGTGCAGACAGGTTGTGCA	0.0	0.0	0.0	0.0	0.0	26.052631578947366	46.85950413223141	0.0
CTGAAGGACGGGGTATTTATTATCCCCTGC	0.0	0.0	0.0	0.0	0.0	0.0	30.123966942148762	0.0
CTGCCACTGGAAATGTCTGGATTCATATCC	0.0	0.0	0.0	3.292682926829268	0.0	2.3684210526315788	7.809917355371901	0.0
CTGCTGTGAAATGCACAAATCATTGTTGTC	1.08	9.310344827586206	0.0	0.0	0.0	0.0	5.578512396694215	0.0
CTGCTTGCTGATTTGCCAAAGTGGCGTCCC	0.0	0.0	0.0	0.0	0.0	0.0	6.694214876033058	0.0
CTGGAAGTGCTGTTCCAAGAGGCGATCGCT	0.0	0.0	0.0	0.0	0.0	0.0	8.925619834710744	0.0
CTGGACATAGTCAGTGGTATGGAGAGTTCG	0.0	0.0	0.0	0.0	0.0	0.0	12.272727272727273	0.0
CTGGCATTGTTGCACGTCCGCTGTTTCGGG	0.0	17.06896551724138	4.390243902439025	0.0	0.0	1.1842105263157894	3.347107438016529	0.0
CTGGTGGGATCGTCGGGTATGTATGGGGTG	0.0	0.0	0.0	0.0	0.0	0.0	11.15702479338843	0.0
CTGTCATCGGAACCAGCATTAAGTCGCTCA	0.0	0.0	0.0	0.0	0.0	1.1842105263157894	6.694214876033058	0.0
CTGTCATTGGATGGCTCACCTGGTCCGTTA	0.0	0.0	0.0	0.0	0.0	0.0	13.388429752066116	0.0
CTGTCGGCTGACATTTTATGGATTGAGTGA	0.0	0.0	0.0	0.0	0.0	9.473684210526315	2.231404958677686	0.0
CTGTGAGAATACCTCGGCTACGTGTGCTAA	0.0	0.0	0.0	0.0	0.0	0.0	6.694214876033058	0.0
CTGTTTACGCGTTTTTGTGCGGAGAAGATA	0.0	0.0	0.0	0.0	0.0	14.210526315789473	0.0	0.0
CTTAATACATGGTACGCCGGTTTCTTTCTA	0.0	0.0	0.0	0.0	0.0	0.0	23.429752066115704	0.0
CTTAGAATTTAGCGGTTTTAGTGGATGCCG	0.0	0.0	0.0	0.0	0.0	13.026315789473683	0.0	0.0
CTTAGTTAGTAGTTGTTTGGTACAATTTAC	31.32	18.620689655172413	0.0	0.0	0.0	0.0	0.0	0.0
CTTATTTTGTTACTGTGTGAATCGATAATT	0.0	0.0	0.0	0.0	0.0	0.0	12.272727272727273	0.0
CTTGCTGTCCCGAATTACGTGGGTTGAGTT	0.0	0.0	0.0	0.0	8.0	18.94736842105263	14.50413223140496	0.0
CTTGGCCTATGTGCAGCCACACTTCACTGA	0.0	17.06896551724138	0.0	0.0	0.0	0.0	0.0	0.0
CTTGGTCGGTGGCGCTGCACAACGATCCTT	0.0	13.96551724137931	0.0	0.0	0.0	0.0	7.809917355371901	0.0
CTTGTTAAGTGATTTAAACCCATGCTGACT	0.0	0.0	0.0	0.0	34.0	9.473684210526315	64.7107438016529	0.0
CTTGTTTCGTATAATTTCTTCATGAGTGTC	0.0	0.0	0.0	0.0	0.0	7.105263157894736	0.0	0.0
CTTGTTTTCAAGTTTCATCAACGGTTGCCC	0.0	0.0	0.0	0.0	0.0	7.105263157894736	14.50413223140496	0.0
CTTTAGGTCGTGTGCCGTAGTATAAGACGG	0.0	0.0	0.0	0.0	0.0	0.0	7.809917355371901	0.0
CTTTCAAAAGTGTTCCTCGCGTTCGCTGCC	0.0	0.0	0.0	0.0	0.0	2.3684210526315788	15.619834710743802	0.0
CTTTCTCGTCAACATGAGAGTCCCGAATTA	0.0	0.0	0.0	0.0	0.0	0.0	6.694214876033058	0.0
CTTTGCGATGCGCTGGCACCATTTTATAAT	0.0	0.0	0.0	0.0	0.0	0.0	12.272727272727273	0.0
CTTTGGTCCCGCAAAGCGTGCGTATCCTAG	0.0	0.0	0.0	0.0	5.0	21.31578947368421	0.0	0.0
GAAAAGGGTGTGTGGGACCCCGGAGCTGGA	0.0	0.0	0.0	0.0	0.0	0.0	12.272727272727273	0.0
GAAAATTGTCAATTGAGAAAGGTCGAAATC	0.0	0.0	0.0	0.0	0.0	1.1842105263157894	13.388429752066116	0.0
GAACCCTCGCGGCGCCGTACTGTCATGGCA	8.64	4.655172413793103	0.0	0.0	0.0	0.0	0.0	0.0
GAACGGCAACCTTGTCGCCAAGGCAGCTGG	0.0	0.0	0.0	0.0	0.0	0.0	15.619834710743802	0.0
GAAGATTTTCAAAGCTTACTTCAGGGTAGG	0.0	0.0	0.0	0.0	0.0	0.0	14.50413223140496	0.0
GAAGCGATTTGTATCGGCAGCATTTGTCCT	0.0	10.862068965517242	0.0	0.0	0.0	0.0	5.578512396694215	0.0
GAAGGGTGCGGCGTGGGCTGCCGGGCAGGG	0.0	0.0	0.0	0.0	2.0	22.5	0.0	0.0
GAAGTCGTGACCTGCAATCCGGAGGACGTT	8.64	0.0	0.0	0.0	0.0	0.0	5.578512396694215	0.0
GAATCTCACGTCTGTCGCATCCTTTTAGTA	9.72	0.0	0.0	0.0	0.0	3.552631578947368	3.347107438016529	0.0
GAATGGGCTCTTGAGGGTCTCGTGGAATGA	0.0	1.5517241379310345	0.0	0.0	0.0	0.0	11.15702479338843	0.0
GAATGGGGGATCCGCACGGTATAGCCTGGG	0.0	0.0	0.0	0.0	0.0	1.1842105263157894	8.925619834710744	0.0
GACACAAGGTTGCACCCCGATTCAGTGGCT	0.0	0.0	0.0	0.0	0.0	29.605263157894733	0.0	0.0
GACAGAGAGGTTGCAGTATTGGGATTCGCC	0.0	0.0	0.0	0.0	0.0	0.0	6.694214876033058	0.0
GACCCCTTTTCAACTCGTGCTTCAATGAAA	0.0	0.0	0.0	0.0	0.0	0.0	7.809917355371901	0.0
GACCCGGTTAACGTGGACGGGTAATGGCAA	0.0	0.0	0.0	0.0	0.0	7.105263157894736	10.041322314049587	0.0
GACGGACGCGCTGAACGTGCGAGTGTGGAC	0.0	0.0	0.0	0.0	0.0	0.0	27.892561983471076	0.0
GACGGACTGGGACAGTCGCGGGGGTGGATC	0.0	0.0	0.0	0.0	0.0	24.868421052631575	3.347107438016529	0.0
GACGTACCCCTAGCCGCTATTGGGAATGCT	0.0	0.0	0.0	0.0	10.0	3.552631578947368	0.0	0.0
GACTAGTTTTGGGGTTGTTCGTGGGCCCAA	0.0	0.0	0.0	0.0	0.0	0.0	6.694214876033058	0.0
GACTATACGATAATCCCGTCGCGATTGGCT	0.0	3.103448275862069	0.0	0.0	0.0	0.0	12.272727272727273	0.0
GAGACGATAGACTTTTGACTGAGATGTACA	0.0	0.0	0.0	0.0	0.0	0.0	7.809917355371901	0.0
GAGACTACCATTATAAATTAGTAAAAGTCT	9.72	4.655172413793103	0.0	0.0	0.0	0.0	0.0	0.0
GAGACTGAAACTCATAGTCATGAGTGTATC	0.0	17.06896551724138	0.0	0.0	0.0	0.0	2.231404958677686	0.0
GAGATACGCCATTGAACGGTGGAGCTTGTC	0.0	0.0	0.0	0.0	0.0	2.3684210526315788	7.809917355371901	0.0
GAGCATGGCATTCCTACAAGTACTCTCGCT	0.0	0.0	0.0	0.0	0.0	8.289473684210526	3.347107438016529	0.0
GAGCTCATCAAGGTTAAGTTGGATGATTCC	0.0	0.0	0.0	0.0	0.0	2.3684210526315788	7.809917355371901	0.0
GAGGAGAGCTTAGACCACTTCAGGTGCCAG	0.0	0.0	0.0	0.0	9.0	0.0	0.0	0.0
GAGGATGGTAGGAGAATTTCTCTGGGTCGT	0.0	0.0	0.0	0.0	0.0	0.0	27.892561983471076	0.0
GAGGATTCGGTCTCGTGGAAGCAACCGTAG	1.08	12.413793103448276	0.0	0.0	0.0	0.0	0.0	0.0
GAGGGAAGTTCCCTTTCGTGTGAAAGCTGC	0.0	0.0	0.0	0.0	0.0	0.0	24.545454545454547	0.0
GAGGTCCGATCAACATTTGGAGTCGTGGGG	0.0	0.0	0.0	0.0	0.0	0.0	18.96694214876033	0.0
GAGGTGGTTGAATGGTCTGGGGGCTGCTGA	0.0	0.0	0.0	0.0	4.0	1.1842105263157894	8.925619834710744	0.0
GAGTACCGTGAGTGTTAGTGGCGGATTGGG	0.0	1.5517241379310345	0.0	0.0	0.0	0.0	6.694214876033058	0.0
GAGTAGTACCGCATGTAGTCGGGAAGGGCT	0.0	7.758620689655173	0.0	0.0	0.0	0.0	8.925619834710744	0.0
GAGTAGTTGGGTAGGCGTGGCGCGAGAGGG	0.0	0.0	0.0	0.0	0.0	0.0	6.694214876033058	0.0
GAGTCATTGGATTTGGTCAATCTCGATGGT	0.0	0.0	0.0	0.0	2.0	0.0	36.81818181818182	0.0
GAGTCCTGGTGCGGCAGGACATGGGCATGC	9.72	9.310344827586206	0.0	0.0	0.0	0.0	4.462809917355372	0.0
GAGTTGTACCTTTAAATATATATATACTAC	0.0	0.0	0.0	0.0	0.0	0.0	6.694214876033058	0.0
GATAAAGACTAGTATTATGAAAGCTAAAAT	0.0	0.0	0.0	0.0	4.0	3.552631578947368	14.50413223140496	0.0
GATAATGGTGCAACCGCCCAGGCTACGATT	1.08	0.0	0.0	0.0	4.0	9.473684210526315	1.115702479338843	0.0
GATATCATGATTATCCTTTTGCGGGAAGAC	0.0	0.0	0.0	0.0	0.0	2.3684210526315788	11.15702479338843	0.0
GATATTGACGGGTGTACGCATATAGAAGCA	0.0	0.0	0.0	0.0	0.0	7.105263157894736	0.0	0.0
GATATTTGACGCCCCGGGCATGGAGTCCCG	0.0	0.0	0.0	0.0	0.0	2.3684210526315788	14.50413223140496	0.0
GATCATTGCCAAGATAGACTTACTGGCATT	0.0	0.0	0.0	0.0	0.0	0.0	8.925619834710744	0.0
GATCGTCATGTGCTTTCGCCGTTAATTTAA	0.0	18.620689655172413	0.0	0.0	0.0	0.0	0.0	0.0
GATGAACCCACCCCGTACGGCATGATATTT	0.0	0.0	0.0	0.0	0.0	17.763157894736842	0.0	0.0
GATGAATGTGTAGGGGCGCGAAACCGCATT	0.0	0.0	0.0	0.0	0.0	0.0	7.809917355371901	0.0
GATGGCCGGCTCATGAATTGATGTAAGTCT	7.5600000000000005	6.206896551724138	0.0	0.0	0.0	1.1842105263157894	0.0	0.0
GATGTATTACAGTACTAGGCATACCATCCC	0.0	0.0	0.0	0.0	0.0	0.0	6.694214876033058	0.0
GATGTTCCGAGCGTATCTTGATCACACACC	0.0	0.0	0.0	0.0	0.0	0.0	8.925619834710744	0.0
GATTATAGACTCTTGATTTCTATATTTGAA	1.08	9.310344827586206	2.1951219512195124	0.0	0.0	0.0	11.15702479338843	0.0
GATTCCGGTGTGCGTAGCCCTTTCAATATC	0.0	0.0	0.0	0.0	0.0	11.842105263157894	11.15702479338843	2.0454545454545454
GATTGACAGTGTATATCGACGCGACACGGT	57.24	18.620689655172413	0.0	0.0	0.0	0.0	14.50413223140496	0.0
GATTGAGCGGGGGCCCGCGGGGGTGATGTG	0.0	0.0	0.0	0.0	0.0	3.552631578947368	7.809917355371901	0.0
GATTGTCCTCTTTCAGATTTATACACTGTC	0.0	0.0	0.0	0.0	0.0	0.0	7.809917355371901	0.0
GCAAAGCGGTTTGCGCATATCGAGTGGCCC	0.0	0.0	0.0	0.0	0.0	0.0	17.85123966942149	0.0
GCAATTCGCCTGATGTTCTTAGGTTTTATA	0.0	0.0	0.0	0.0	0.0	0.0	27.892561983471076	0.0
GCACAGACTTTCGGTGCATCATATTTGCTT	1.08	26.379310344827587	12.073170731707318	0.0	0.0	1.1842105263157894	1.115702479338843	0.0
GCACCGTCTGTCTTATAGATACATAGGCTC	0.0	0.0	0.0	0.0	0.0	10.657894736842104	0.0	0.0
GCACCTTTGCTCTAAGGCATGTCCCTATCT	0.0	0.0	1.0975609756097562	0.0	0.0	0.0	10.041322314049587	0.0
GCACGGCCTCTAACCTGTTTCGTACTCCAA	0.0	4.655172413793103	3.2926829268292686	0.0	0.0	0.0	10.041322314049587	0.0
GCACGTGGCGGAGTGCGCACGCCCCTCGGT	0.0	9.310344827586206	0.0	0.0	0.0	0.0	0.0	0.0
GCAGAAGGATGCCGATCCCGATACTTGCAG	0.0	0.0	0.0	0.0	0.0	9.473684210526315	0.0	0.0
GCAGCTTAACACGGGACCGCTGGGGCGCGT	0.0	0.0	0.0	0.0	1.0	34.34210526315789	0.0	0.0
GCAGTTGACATCTCTCGGGTTCATTCTTTT	6.48	0.0	0.0	0.0	0.0	0.0	1.115702479338843	0.0
GCATCATTAATGTTCGTTTTAGTGTTTGCC	0.0	0.0	0.0	0.0	0.0	15.394736842105262	22.31404958677686	0.0
GCATGGAAGTAGGATCGTTGTGATGACTTC	0.0	0.0	0.0	0.0	6.0	1.1842105263157894	0.0	0.0
GCATTACCTGGGAGTCACTGTAACCTGACT	0.0	0.0	0.0	0.0	0.0	0.0	12.272727272727273	0.0
GCATTGGATAAGTACAGCCCCGGGTGGGGT	5.4	9.310344827586206	0.0	0.0	0.0	0.0	0.0	0.0
GCCATTACCAGTACACTGGTGCCACGTTAT	0.0	0.0	0.0	0.0	0.0	7.105263157894736	8.925619834710744	0.0
GCCCTAATCTTGCGGCTTGCGGGGAGGATA	1.08	1.5517241379310345	0.0	0.0	0.0	8.289473684210526	0.0	0.0
GCCCTTCTGTAGTATTAAGATTTTCTGTTC	9.72	3.103448275862069	0.0	0.0	0.0	0.0	8.925619834710744	0.0
GCCGTACATGAGGCGTTGGCGCCGTCCATA	2.16	0.0	0.0	0.0	0.0	1.1842105263157894	50.20661157024794	0.0
GCCTCAGGACAAGGTTACTATTTAGCCCAG	0.0	0.0	0.0	0.0	0.0	0.0	10.041322314049587	0.0
GCCTCGCTCCACCATATCTTCCTTTTGTTC	0.0	0.0	0.0	0.0	2.0	26.052631578947366	0.0	0.0
GCCTCGTGTGTCGTCCCAAATCACAGATAG	0.0	0.0	0.0	0.0	0.0	0.0	6.694214876033058	0.0
GCGCAAGGATAACCGGCACTGTCGTTGTGT	9.72	1.5517241379310345	0.0	0.0	0.0	0.0	0.0	0.0
GCGCAGGGGGAAGAAAGCAGTGCAAGAGCA	0.0	0.0	0.0	0.0	0.0	7.105263157894736	10.041322314049587	0.0
GCGCCATGGTCGGCCTACATGATAGGAGGT	0.0	0.0	0.0	0.0	0.0	1.1842105263157894	7.809917355371901	0.0
GCGCGGACGCGAGAACATCCTGAACTTCAG	0.0	0.0	0.0	0.0	6.0	1.1842105263157894	4.462809917355372	0.0
GCGGCGGGTATGTGATGAAATGGTGTGTTG	4.32	37.241379310344826	0.0	0.0	0.0	0.0	14.50413223140496	0.0
GCGGGGCTGGCGCCGGTATGCGTTGCACAG	0.0	0.0	0.0	0.0	0.0	1.1842105263157894	10.041322314049587	0.0
GCGGGTTGAGTGGTGGCGCTGTTCCGAGAG	2.16	1.5517241379310345	1.0975609756097562	0.0	0.0	0.0	6.694214876033058	0.0
GCGTCTGTTGTTTAATTACGCTTAGTATTA	0.0	10.862068965517242	0.0	0.0	0.0	0.0	2.231404958677686	0.0
GCGTTATGGACCTTGTTAAGCGCGCTCTGC	0.0	0.0	0.0	0.0	0.0	0.0	6.694214876033058	0.0
GCGTTCCAGATAGTTTTTGTAATAGCTTAG	0.0	0.0	0.0	0.0	0.0	1.1842105263157894	10.041322314049587	0.0
GCGTTTGCCTAGCGGGGGGTGAGAGGGGGC	9.72	24.82758620689655	2.1951219512195124	0.0	0.0	0.0	0.0	0.0
GCTAAAGTGCTTCGTGGGCAGGAATTGGCG	0.0	0.0	0.0	0.0	0.0	0.0	24.545454545454547	0.0
GCTAACCAGTTAGACTGCTGCTCTGTAACT	0.0	0.0	0.0	0.0	0.0	1.1842105263157894	15.619834710743802	0.0
GCTAACTGCCTAAATGGCTATGCTAGGGCT	0.0	0.0	0.0	0.0	0.0	0.0	6.694214876033058	0.0
GCTACGGTTTGGCAGTCATGGGGTTCGTGG	0.0	9.310344827586206	0.0	0.0	0.0	0.0	3.347107438016529	0.0
GCTACTCTATTGGGATATGCACGGCCATTT	0.0	0.0	0.0	0.0	0.0	0.0	13.388429752066116	0.0
GCTCGAAGGGATCCGCGGGGTGACGGTGAC	0.0	0.0	0.0	0.0	0.0	0.0	10.041322314049587	0.0
GCTCGAGTATGCTTTATTGGAAGGCTTACT	0.0	0.0	0.0	0.0	0.0	0.0	15.619834710743802	0.0
GCTGAGCTACGTCGGCGCACGAGGAGGGAG	0.0	0.0	0.0	0.0	0.0	0.0	6.694214876033058	0.0
GCTGAGGAGACAACATCTGCTACTCCCGTG	0.0	0.0	0.0	0.0	0.0	0.0	14.50413223140496	0.0
GCTGCCTGCGGCTGGACGTTCATCTTGGAG	0.0	18.620689655172413	0.0	0.0	0.0	0.0	13.388429752066116	0.0
GCTGCTGTCGAGCGGATTCACCGCGCCAAG	0.0	0.0	0.0	0.0	0.0	9.473684210526315	10.041322314049587	0.0
GCTGGAGGACAGAGGCCGCCAACCCTGAAC	0.0	0.0	0.0	0.0	0.0	0.0	6.694214876033058	0.0
GCTGGTCTTGCTAAGCACGACCAGTTTAAG	0.0	0.0	0.0	0.0	0.0	15.394736842105262	5.578512396694215	0.0
GCTGTCTTAGGTGTGCAAACATAATGATGG	0.0	13.96551724137931	0.0	0.0	0.0	0.0	0.0	0.0
GCTGTGAGAATCTTTATAAGAGTCGTTCGG	0.0	9.310344827586206	1.0975609756097562	0.0	0.0	0.0	3.347107438016529	0.0
GCTTGCATAACAGCCGCCGCGAGTAAATGG	0.0	0.0	0.0	0.0	0.0	1.1842105263157894	10.041322314049587	0.0
GCTTTGGCAAATCAACTTGGGTGGGGCATA	0.0	0.0	0.0	0.0	0.0	1.1842105263157894	11.15702479338843	0.0
GGAAAAAATACGGGGGCGGAAGTCACTCGG	9.72	7.758620689655173	0.0	0.0	0.0	0.0	10.041322314049587	0.0
GGAAGGTCCGTCGCGGGGAGGAGAGAAGTC	0.0	0.0	0.0	0.0	0.0	18.94736842105263	12.272727272727273	0.0
GGAATAGCCGTGGCTCTTCCTGTGGGTTAG	0.0	0.0	0.0	0.0	0.0	3.552631578947368	7.809917355371901	0.0
GGACTGGCTCCAATAAAATTCTCCGTGGCT	2.16	1.5517241379310345	0.0	0.0	0.0	0.0	15.619834710743802	0.0
GGAGATACGTAAGATTTATTCTGCGTTAAC	6.48	9.310344827586206	0.0	0.0	0.0	4.7368421052631575	0.0	0.0
GGAGCAATGTTTGCATATCGGCGGTAAATT	0.0	0.0	0.0	0.0	0.0	0.0	17.85123966942149	0.0
GGAGGGTATTTTGGGATGCAGGAGCTCAAA	0.0	0.0	0.0	0.0	0.0	0.0	16.735537190082646	0.0
GGAGTGTATATTTCTCTCTCTTCAATTAGG	1.08	3.103448275862069	0.0	0.0	1.0	0.0	11.15702479338843	0.0
GGATCAATACTTGCAGTGAGAACGGAGAGG	0.0	43.44827586206897	0.0	0.0	0.0	0.0	14.50413223140496	0.0
GGATCAATCGCGTAAGCTAAGAACCGTAAC	0.0	0.0	0.0	0.0	0.0	0.0	7.809917355371901	0.0
GGATCATGGTGATGTTCCTAGTTTAATCGC	0.0	0.0	0.0	0.0	0.0	9.473684210526315	7.809917355371901	0.0
GGATCCCTTAGGCTTCGCAGTAGGCCGATC	3.24	0.0	0.0	0.0	0.0	0.0	20.082644628099175	0.0
GGATCTCTTTGGATGCATTTCACTGAGACC	11.88	0.0	3.2926829268292686	0.0	0.0	0.0	0.0	0.0
GGATTAGTAGGCAGAGAAGTGGAACCAATT	0.0	0.0	0.0	0.0	0.0	0.0	8.925619834710744	0.0
GGCAAAGTAAGTCAAGACCTCTTGAGATCT	0.0	6.206896551724138	0.0	0.0	0.0	0.0	12.272727272727273	0.0
GGCCACGATAGTGCTACGACTCCAATGCGA	0.0	0.0	0.0	0.0	0.0	5.921052631578947	7.809917355371901	0.0
GGCCATACCCTGGACGGCGACGAGTGCGAG	0.0	0.0	0.0	0.0	0.0	7.105263157894736	25.66115702479339	0.0
GGCCGAAGTGTGGTGTTGGAGAACGTCGAG	0.0	10.862068965517242	0.0	0.0	0.0	0.0	6.694214876033058	0.0
GGCGGCAGGCGCGTCAAGCGCTCTGGGGGG	0.0	0.0	0.0	0.0	0.0	0.0	8.925619834710744	0.0
GGCGGCAGGGGCGCGACGAGCACATCGGAG	0.0	0.0	0.0	0.0	0.0	0.0	10.041322314049587	0.0
GGCGGGCCTCGATCGGGGTTGGTGCACGCA	0.0	0.0	0.0	0.0	0.0	10.657894736842104	0.0	0.0
GGCGGTCAAATTTGGGTATAGTTTATTGAT	0.0	0.0	0.0	0.0	0.0	1.1842105263157894	15.619834710743802	0.0
GGCTACGTGTTGTCGCTTTCTTCTGAACGT	0.0	0.0	0.0	0.0	0.0	0.0	7.809917355371901	0.0
GGCTATGCCGAGTGCGGGGTGTGATGGAAG	6.48	0.0	3.2926829268292686	0.0	0.0	0.0	0.0	0.0
GGCTCGACCGGCCAGTTCTGCGCTGGAGTG	0.0	0.0	0.0	0.0	0.0	4.7368421052631575	7.809917355371901	0.0
GGCTCTAGTTATGAGGACACGATGAGCAGT	0.0	1.5517241379310345	0.0	0.0	0.0	1.1842105263157894	12.272727272727273	0.0
GGCTGCGCCAGGGATAACAGTCTAGGAAGG	0.0	0.0	0.0	0.0	0.0	0.0	6.694214876033058	0.0
GGCTGGGCTAACCGGCATAAGCCATACAAT	0.0	0.0	0.0	0.0	0.0	0.0	6.694214876033058	0.0
GGCTGGGGGACCTCAGCGGCGAGTAGACGA	6.48	13.96551724137931	2.1951219512195124	0.0	0.0	0.0	0.0	0.0
GGCTGTCCAAATTTATAGTTGTGCATTTCG	0.0	0.0	0.0	0.0	0.0	0.0	24.545454545454547	0.0
GGCTTCGTTCAGTTGCCGGTCGGAGCCGTG	0.0	0.0	0.0	0.0	0.0	0.0	14.50413223140496	0.0
GGCTTGTACCGGTGTTAGTGTAGGGCATGT	0.0	0.0	0.0	0.0	0.0	0.0	17.85123966942149	0.0
GGGAGTGTAACGGTTCCTGTCATTCACCTG	68.04	23.275862068965516	1.0975609756097562	0.0	0.0	0.0	11.15702479338843	0.0
GGGAGTTTTCGGGCTGGTCAGATATGCCGG	0.0	0.0	0.0	0.0	4.0	14.210526315789473	1.115702479338843	0.0
GGGATCAGGCGATGTTTGGGTTATGTAGGG	0.0	0.0	0.0	0.0	0.0	2.3684210526315788	12.272727272727273	0.0
GGGCTCAGGTAGGCGTACATCCACCAGTTC	1.08	12.413793103448276	0.0	0.0	0.0	2.3684210526315788	7.809917355371901	0.0
GGGGACGTATGTCTCGAATTGTTCTGCTCG	0.0	0.0	0.0	0.0	0.0	0.0	13.388429752066116	0.0
GGGGAGGTATTTACCGTCCGTTCCTGTATG	0.0	0.0	0.0	0.0	0.0	0.0	6.694214876033058	0.0
GGGGTCGGGGTCTCTGCGCTGATCACTTGC	4.32	10.862068965517242	0.0	0.0	0.0	0.0	4.462809917355372	0.0
GGGTATAATACGTTTTTCACACTATACAGT	0.0	0.0	0.0	0.0	0.0	5.921052631578947	6.694214876033058	0.0
GGGTCAGAGCGTGCTTGAGCCCGGGCCCAG	0.0	3.103448275862069	0.0	0.0	0.0	2.3684210526315788	34.586776859504134	0.0
GGGTCGGAAGGACGGCGGCTGGGGGTGGGT	0.0	0.0	0.0	0.0	0.0	0.0	10.041322314049587	0.0
GGGTTAGTAGGGAAGGTAAAAAGGTGGGCG	0.0	3.103448275862069	0.0	0.0	0.0	0.0	6.694214876033058	0.0
GGTAACGGCGCGAGTCGTGAACGTATGGGT	0.0	0.0	0.0	0.0	0.0	0.0	6.694214876033058	0.0
GGTAACTAGGGCATTGAAACTCGTGCCTCA	0.0	0.0	0.0	3.292682926829268	0.0	22.5	58.01652892561984	0.0
GGTAGGAGGAAGGAGCTGCGGGTGAACCAG	0.0	0.0	0.0	0.0	0.0	0.0	12.272727272727273	0.0
GGTATCATTCCGCAGCCGTGCCTGTTAGCA	11.88	13.96551724137931	0.0	0.0	0.0	0.0	1.115702479338843	0.0
GGTATGTCTTAGCTGTTACGTCTGTCGTTT	7.5600000000000005	0.0	0.0	0.0	0.0	3.552631578947368	11.15702479338843	0.0
GGTCAAGGCACGGTTCTTTTACAGGGCAAT	0.0	0.0	0.0	0.0	0.0	16.57894736842105	2.231404958677686	0.0
GGTCGTTTGGCGACGGGGGGGTTCGAGTGA	0.0	40.3448275862069	4.390243902439025	0.0	0.0	0.0	21.198347107438018	0.0
GGTGCGTTCGTCTGGAGCTCCAGACTTACA	0.0	0.0	0.0	0.0	0.0	9.473684210526315	30.123966942148762	0.0
GGTGGAGTATCGGATGAGTGAGGGCTTGGC	7.5600000000000005	0.0	0.0	0.0	0.0	0.0	0.0	0.0
GGTGGCCGGGGAGCCTGCTGTGCCGTGGCT	0.0	0.0	0.0	0.0	0.0	0.0	20.082644628099175	0.0
GGTGGGAAGGCCCTGGCGAACAAGTGATCG	0.0	0.0	0.0	0.0	0.0	76.97368421052632	0.0	0.0
GGTGTAACGTTGCTCGTCTTGTTTTATCAA	0.0	0.0	0.0	0.0	0.0	0.0	16.735537190082646	0.0
GGTGTCGGGGGCCCGACCTATGGGGTCCAG	0.0	0.0	0.0	0.0	0.0	16.57894736842105	0.0	0.0
GGTGTTCAGTGTTTAGTGGGGAGTCCGGCT	16.200000000000003	12.413793103448276	0.0	0.0	0.0	0.0	26.776859504132233	0.0
GGTTCACATCATGGACGTCTGGTTTTTTTA	0.0	0.0	0.0	0.0	0.0	8.289473684210526	14.50413223140496	0.0
GGTTCATGCCATTCGTTTCTGATGTTTGAT	0.0	0.0	0.0	0.0	0.0	0.0	8.925619834710744	0.0
GGTTCTGCTACGAGCGAGCGCGTACGGATG	0.0	0.0	0.0	0.0	0.0	3.552631578947368	16.735537190082646	0.0
GGTTGCAGCCCTGGCCCAGCTCCCTGTATT	4.32	3.103448275862069	0.0	0.0	0.0	11.842105263157894	0.0	0.0
GGTTGTCGCTAAGAGCCGTATCTGAGTCCC	0.0	0.0	0.0	0.0	0.0	0.0	15.619834710743802	0.0
GTAAAGAGCGTCATGTCCTGCAAGAGGGCT	0.0	0.0	0.0	0.0	0.0	7.105263157894736	23.429752066115704	0.0
GTAATCGTTACTGCAGGGTTAATGATCCGC	0.0	0.0	0.0	0.0	0.0	8.289473684210526	1.115702479338843	0.0
GTACATTACGATGATTTTGTTGTTTCTCTT	0.0	0.0	0.0	0.0	0.0	0.0	11.15702479338843	0.0
GTACGACTCCAGTATTTTATAAAAGGACAC	0.0	0.0	0.0	0.0	0.0	0.0	13.388429752066116	0.0
GTACTATTGGCTAGGGCGGCACTCAGGGAT	0.0	0.0	0.0	0.0	0.0	27.236842105263158	0.0	0.0
GTAGAATAGTTTTGTTATTCAAGTTGAGGT	0.0	21.724137931034484	0.0	0.0	0.0	0.0	5.578512396694215	0.0
GTAGCTATTGCTTAGGCATCTCATCCTGGC	0.0	0.0	0.0	0.0	0.0	0.0	7.809917355371901	0.0
GTAGGGAACGTTGGTGTGCGGTCTGACGTA	0.0	0.0	0.0	0.0	0.0	1.1842105263157894	31.239669421487605	0.0
GTAGGGACCGATGAACATGGTACGCATTCG	0.0	0.0	0.0	0.0	0.0	0.0	6.694214876033058	0.0
GTAGTGACGATGTCCGCTCGTGTGTTGTAC	0.0	0.0	0.0	0.0	0.0	0.0	6.694214876033058	0.0
GTAGTGGCTAAGCTGATGCAGGGGGGCACG	0.0	0.0	0.0	0.0	2.0	0.0	11.15702479338843	0.0
GTATGCTGACAGTTCCTTCTTACTCGATCC	0.0	1.5517241379310345	0.0	0.0	0.0	2.3684210526315788	7.809917355371901	0.0
GTATGTGTGCATTCGGATCTAGCTGGACCT	0.0	0.0	0.0	0.0	0.0	7.105263157894736	1.115702479338843	0.0
GTATTCCGTAGCGGTATTATCCTTGTTCTT	1.08	17.06896551724138	4.390243902439025	0.0	0.0	5.921052631578947	16.735537190082646	0.0
GTCAAACGGCCTTGGATGTCGTCCGTTTTG	0.0	0.0	0.0	0.0	0.0	0.0	21.198347107438018	0.0
GTCACTCACCCTACACAAACATCTTTATAT	0.0	0.0	0.0	0.0	0.0	0.0	8.925619834710744	0.0
GTCATTTCACCGATGGCCATCCATTCTAGA	0.0	0.0	0.0	0.0	0.0	0.0	7.809917355371901	0.0
GTCCTGGCGGGTTGCATGGACGGAACGGGT	0.0	0.0	0.0	0.0	0.0	0.0	16.735537190082646	0.0
GTCGGGGCTTGGACAGGCAGAGTGATATCC	0.0	0.0	0.0	0.0	0.0	0.0	6.694214876033058	0.0
GTCGTAGGGCGGTGGGAAGGAGGCTAGGGC	0.0	0.0	0.0	0.0	0.0	0.0	15.619834710743802	0.0
GTCTCAACTAGGATAGGCACAATCGAGCTA	0.0	0.0	0.0	0.0	0.0	13.026315789473683	0.0	0.0
GTCTCTTTTGGCGGGCCGCGTTGGGGGCAT	7.5600000000000005	15.517241379310345	0.0	0.0	0.0	0.0	20.082644628099175	0.0
GTCTTAGGTGACCTAATTCGACGTGAGTGT	1.08	0.0	0.0	0.0	0.0	0.0	62.47933884297521	0.0
GTCTTGAGCACATGAGCGGATCTTCGTTTA	0.0	0.0	0.0	0.0	0.0	0.0	10.041322314049587	0.0
GTCTTGTTATCCGCTGTGGTACTTAAGAGT	0.0	0.0	0.0	0.0	0.0	0.0	7.809917355371901	0.0
GTGAAAGGTGAAGCGCCAGAATAAAGACCT	0.0	0.0	0.0	0.0	0.0	0.0	8.925619834710744	0.0
GTGAGATTTCACAACTTTCGGTGCGAATTG	0.0	0.0	0.0	0.0	0.0	0.0	13.388429752066116	0.0
GTGATTTGATAAGGTTTATTCTTTTCGTTT	0.0	0.0	0.0	0.0	0.0	1.1842105263157894	11.15702479338843	0.0
GTGCAAAGGTCTTCGGTTGACGCGATCCCT	0.0	0.0	0.0	0.0	0.0	0.0	10.041322314049587	0.0
GTGCCTGGGTTAGGCCGGTGAGTTAGCGTC	0.0	0.0	0.0	0.0	0.0	1.1842105263157894	24.545454545454547	0.0
GTGCTTGCGGCATCTAAGGATATGGGTTTC	0.0	0.0	0.0	0.0	0.0	0.0	12.272727272727273	0.0
GTGCTTTGGAACAGACAGTTCGTGTATTTT	0.0	0.0	0.0	0.0	0.0	0.0	7.809917355371901	0.0
GTGGAACTGTAGGTAGATTTAGTTAAGGAC	1.08	0.0	0.0	0.0	0.0	5.921052631578947	24.545454545454547	0.0
GTGGCGAGATCCGAGTCTAACTCGAATTGT	16.200000000000003	0.0	0.0	0.0	0.0	0.0	2.231404958677686	0.0
GTGGCGATTTCGGCTATTCGCATCCTGTTT	0.0	0.0	0.0	0.0	0.0	3.552631578947368	6.694214876033058	0.0
GTGGGGGTAGGCTCCGCGTCTGGTGACCAC	0.0	0.0	0.0	0.0	0.0	0.0	7.809917355371901	0.0
GTGGGTTCGGATTTGAATCTTGGTAATAGA	0.0	0.0	0.0	0.0	4.0	17.763157894736842	0.0	0.0
GTGGTACGGGCGTGTTAGGCAAATCGCTAG	1.08	1.5517241379310345	1.0975609756097562	0.0	1.0	0.0	64.7107438016529	0.0
GTGTCAGTGTGAATGGACAACCTCGTGGAG	0.0	0.0	0.0	0.0	0.0	0.0	8.925619834710744	0.0
GTGTCGGTAGCCTATCTTTGCCCGTGAGCG	0.0	3.103448275862069	0.0	0.0	0.0	1.1842105263157894	6.694214876033058	0.0
GTGTCGTTGGACTCCTGCGGGCCGTTGTGG	0.0	6.206896551724138	0.0	0.0	0.0	7.105263157894736	11.15702479338843	0.0
GTGTGAAGAGGCCTTTCCATTAATGGATCG	0.0	0.0	0.0	0.0	0.0	2.3684210526315788	10.041322314049587	0.0
GTGTTACCAGGTCTCGAATATACTTCTGGG	0.0	0.0	0.0	0.0	0.0	0.0	6.694214876033058	0.0
GTGTTGGCATTAGAGGTGTGCAGTAAACGC	1.08	29.482758620689655	3.2926829268292686	0.0	0.0	1.1842105263157894	16.735537190082646	0.0
GTTAATTTTGCTGGCGATCCTTCGTTCTAA	1.08	1.5517241379310345	7.682926829268293	0.0	0.0	0.0	0.0	0.0
GTTACCTGCTGATATTCCTGATGTCTTCTT	0.0	0.0	0.0	0.0	0.0	0.0	13.388429752066116	0.0
GTTACGATAACCGTAGATGCCATCCTCACT	0.0	0.0	0.0	0.0	0.0	0.0	7.809917355371901	0.0
GTTAGAGCCTTTATTGCGTTGCCTCGGATG	0.0	0.0	0.0	0.0	0.0	3.552631578947368	6.694214876033058	0.0
GTTAGCGGCAAGCTCAGGCGGTCCAGGTAG	0.0	0.0	0.0	0.0	0.0	0.0	13.388429752066116	0.0
GTTAGGACCCGCGCCAATTCGAGTGTTCCG	0.0	7.758620689655173	17.5609756097561	0.0	0.0	0.0	0.0	0.0
GTTATCGGTGAGTAAGTAGCACCGATGTGT	0.0	0.0	0.0	0.0	0.0	3.552631578947368	101.52892561983472	0.0
GTTATGCATGTTTAACCGACATTCTAGTTA	0.0	17.06896551724138	0.0	0.0	0.0	0.0	1.115702479338843	0.0
GTTCAAGAACATTTTCCTTTACCCGGGGAT	0.0	0.0	0.0	0.0	0.0	0.0	11.15702479338843	0.0
GTTCACGGCTAAGTTCGCAATAAAAAGGTT	0.0	9.310344827586206	0.0	0.0	0.0	0.0	4.462809917355372	0.0
GTTCATACTTCTGACTTCCTACAAGGGAAC	0.0	0.0	0.0	0.0	0.0	8.289473684210526	1.115702479338843	0.0
GTTCATGCAGTTAACTTCCGTTTCTGGATA	0.0	29.482758620689655	1.0975609756097562	0.0	0.0	0.0	11.15702479338843	0.0
GTTCCTGATAACGTAGCCTATTACCTAGCA	0.0	0.0	0.0	0.0	0.0	7.105263157894736	0.0	0.0
GTTCGCCTGGAGGTAGGGTTGTGTCGTATC	0.0	0.0	0.0	0.0	0.0	0.0	16.735537190082646	0.0
GTTCGGTACAGGCTGGGGGCGCGTGAGCTA	0.0	0.0	0.0	0.0	0.0	0.0	6.694214876033058	0.0
GTTCTAACCATGGAAACTTGATCCTTTCAT	0.0	0.0	0.0	0.0	0.0	7.105263157894736	0.0	0.0
GTTGCCGGATTGCCAGCAATTCACGACTCC	0.0	0.0	0.0	0.0	0.0	0.0	12.272727272727273	0.0
GTTGGGATTCGGTTACTCCTCGAGGGTAAA	0.0	0.0	0.0	0.0	0.0	0.0	10.041322314049587	0.0
GTTGGTACGTTATTCTCGTTCTTAGCAAGT	9.72	18.620689655172413	1.0975609756097562	0.0	0.0	1.1842105263157894	0.0	0.0
GTTTCCATGGGAGAGAAGAGGCGAATCATC	6.48	0.0	0.0	0.0	0.0	0.0	0.0	0.0
GTTTCGAAGCGTTATCAGTACTAGGTTATA	0.0	0.0	0.0	0.0	1.0	21.31578947368421	1.115702479338843	0.0
GTTTGAATCCCGTTGATGCTGCTGGGAACA	0.0	0.0	0.0	0.0	0.0	4.7368421052631575	7.809917355371901	0.0
GTTTGGGCGGAGATGCAAGTGCAGTGTCGC	0.0	0.0	0.0	0.0	0.0	0.0	6.694214876033058	0.0
GTTTGTGTGGAGTTCGTGGATGCTGTTGGG	0.0	0.0	0.0	0.0	0.0	2.3684210526315788	33.47107438016529	0.0
GTTTTCACAGGTCGGGCCGGCTTCCCGTAG	0.0	1.5517241379310345	0.0	0.0	0.0	2.3684210526315788	6.694214876033058	0.0
GTTTTCGAAAATACGTGCTCCGGCATTGAT	0.0	4.655172413793103	0.0	0.0	0.0	0.0	16.735537190082646	0.0
GTTTTGCTCAACGAGTGTTTTGGGCAGGGT	0.0	0.0	0.0	0.0	1.0	0.0	10.041322314049587	0.0
TAAAAAATTTGTTTGTGCGTACTCCTACAC	0.0	10.862068965517242	0.0	0.0	0.0	0.0	3.347107438016529	0.0
TAAAACATTTATTGCTCATTCCGTCGCCAA	0.0	0.0	4.390243902439025	0.0	0.0	0.0	14.50413223140496	0.0
TAAACATATTTAACGGCTCTTATCTCGAAG	10.8	27.93103448275862	3.2926829268292686	0.0	0.0	0.0	4.462809917355372	0.0
TAAATAGAGAGTGAATCCGTGGGTCCCTCA	0.0	0.0	0.0	0.0	0.0	2.3684210526315788	6.694214876033058	0.0
TAAATTTTAGAAGACGCGGGTGCAAGACCT	0.0	0.0	0.0	0.0	0.0	0.0	7.809917355371901	0.0
TAACCTGTGAATAACGCGTATGTTCGCCTC	0.0	0.0	0.0	0.0	0.0	0.0	43.51239669421488	0.0
TAACGAATTCAATTAGCGAGGTCACATGAG	0.0	0.0	0.0	0.0	0.0	0.0	7.809917355371901	0.0
TAAGGCGACGATGGAGCATTGTTTAAATGT	0.0	0.0	0.0	0.0	0.0	0.0	7.809917355371901	0.0
TAATTACGCGTGATGCTGAATTTTTGGATC	0.0	0.0	0.0	0.0	0.0	0.0	10.041322314049587	0.0
TAATTACGCTGTTTGTGGTCAGCGTGGACT	0.0	0.0	0.0	0.0	0.0	117.23684210526315	1.115702479338843	0.0
TACACGGGGAAAAAGTCAACGTTTTGAGGC	0.0	4.655172413793103	2.1951219512195124	0.0	0.0	2.3684210526315788	13.388429752066116	0.0
TACAGGTCACGGTGCGCGATTACCTCAACC	0.0	0.0	0.0	0.0	0.0	22.5	5.578512396694215	0.0
TACATTCAGGCTTTTGACAGCTATTTCGGT	0.0	0.0	0.0	0.0	0.0	7.105263157894736	0.0	0.0
TACCAGAAATATCTATGCGCTATGTGAGAG	0.0	0.0	0.0	0.0	0.0	9.473684210526315	29.00826446280992	0.0
TACCCGTTTACGAGAGTAATGGGAAGAGAG	0.0	0.0	0.0	0.0	0.0	0.0	6.694214876033058	0.0
TACTACACGGAAGGGGATCCACTCGGACAT	0.0	0.0	0.0	0.0	0.0	4.7368421052631575	11.15702479338843	0.0
TACTACATGCGTGTCTCGGGCGTATGTACG	0.0	0.0	0.0	0.0	0.0	0.0	8.925619834710744	0.0
TACTATAAGCGATGCGTACGGTCAATGGTC	0.0	0.0	0.0	0.0	4.0	13.026315789473683	1.115702479338843	0.0
TACTCTCTCAGCGACATACTTCGGGGAGGC	0.0	0.0	0.0	0.0	0.0	2.3684210526315788	14.50413223140496	0.0
TACTGTTATTAAGTACTGGGACCTTGGTGT	11.88	9.310344827586206	0.0	0.0	0.0	0.0	11.15702479338843	0.0
TAGAAACGCTATCTTAAGAGAAACACGGTT	0.0	0.0	0.0	0.0	0.0	1.1842105263157894	11.15702479338843	0.0
TAGCCTGGAAGAGTAACCCTAGGCATATGA	29.160000000000004	18.620689655172413	12.073170731707318	0.0	0.0	0.0	21.198347107438018	0.0
TAGCGTTACGATAGCTGAGGTCATGGAGCG	0.0	0.0	0.0	0.0	0.0	0.0	8.925619834710744	0.0
TAGCTGAGTATTTCACCACGTTGATTAACG	2.16	0.0	2.1951219512195124	0.0	0.0	3.552631578947368	8.925619834710744	0.0
TAGCTGGTAGGTTCGGGGACTTAATATAAT	0.0	3.103448275862069	0.0	0.0	0.0	0.0	6.694214876033058	0.0
TAGGACAGCATCACGAAGCTTGTGTCTGGA	0.0	0.0	0.0	0.0	0.0	0.0	20.082644628099175	0.0
TAGGCATTATATAAGTCTGGTTCTGGTCTA	0.0	13.96551724137931	3.2926829268292686	0.0	0.0	0.0	0.0	0.0
TAGGCCACTCTGTCAATATGGAAAGTGAAG	0.0	0.0	0.0	0.0	0.0	0.0	24.545454545454547	0.0
TAGGCTCCGACACATATGGATGCCGGGGCT	0.0	0.0	0.0	0.0	0.0	0.0	34.586776859504134	0.0
TAGGGATATATAGACCATTCTCTTCCGGTT	0.0	0.0	0.0	0.0	1.0	7.105263157894736	3.347107438016529	0.0
TAGGTCATTGAATTTTCGGGCGATCTTCGC	0.0	0.0	0.0	0.0	0.0	0.0	24.545454545454547	0.0
TAGTCACTGTATCGAATATCCAATGGAGCT	5.4	0.0	0.0	0.0	0.0	0.0	7.809917355371901	0.0
TAGTCATCCATCTATCTTAGTCGGGCAATC	0.0	0.0	0.0	0.0	0.0	0.0	8.925619834710744	0.0
TAGTCGGTGCCCTTCGAGTGTAATGTGGAG	0.0	0.0	0.0	0.0	0.0	0.0	17.85123966942149	0.0
TATAAACAAAGGATGACCGCCGTCATGACG	0.0	12.413793103448276	1.0975609756097562	0.0	0.0	0.0	2.231404958677686	0.0
TATCCATGGTTTTCACGTACTCGTGCTACT	0.0	0.0	0.0	0.0	0.0	0.0	6.694214876033058	0.0
TATCTTGGAACGTTACCGGGTATTATTCAG	0.0	10.862068965517242	0.0	0.0	0.0	0.0	0.0	0.0
TATGGGGTCTAGGTGTGGGTATAGGCCCTG	0.0	0.0	0.0	0.0	0.0	0.0	40.16528925619835	0.0
TATGTGTGGATGAGGCGAGGTACTGCCGCT	0.0	0.0	0.0	0.0	0.0	2.3684210526315788	7.809917355371901	0.0
TATTATGGCCGCACCGAGGTGTAGTTGCAG	0.0	0.0	0.0	0.0	0.0	8.289473684210526	4.462809917355372	0.0
TATTCAACAACAAAGTTGAAATGGACAATA	0.0	0.0	0.0	0.0	0.0	14.210526315789473	0.0	0.0
TATTCCGGGGGTCTCGTATCGATGGGGCGG	0.0	0.0	0.0	0.0	0.0	4.7368421052631575	13.388429752066116	0.0
TATTGACGAGGTTTGCGATAGGAGCGTAGT	0.0	0.0	0.0	0.0	0.0	0.0	10.041322314049587	0.0
TATTGCGCTACGGATGTAACATTAAATGCT	8.64	6.206896551724138	0.0	0.0	0.0	0.0	1.115702479338843	0.0
TCAAAAAGATACGTTAAACTATCCCTCGGT	0.0	0.0	0.0	0.0	0.0	0.0	12.272727272727273	0.0
TCAACCTTGGTTCGAGGTAGTTGAGTTGTA	0.0	0.0	0.0	0.0	0.0	0.0	6.694214876033058	0.0
TCAAGGCCTCCAGAAAAAGAAACGTGTATA	0.0	0.0	0.0	0.0	0.0	0.0	6.694214876033058	0.0
TCAATCCTCATTTACCTCAGACACAGGTGA	0.0	0.0	0.0	0.0	0.0	9.473684210526315	2.231404958677686	0.0
TCAATTGCTGTTTAAGTACAATTGAGTGTT	0.0	0.0	0.0	0.0	0.0	7.105263157894736	8.925619834710744	0.0
TCACAATTGGCTATAAAATCCGTATCCGCG	4.32	35.689655172413794	0.0	0.0	0.0	0.0	0.0	0.0
TCACACATTAACCTGTAGTTGGGCATTGCC	0.0	0.0	0.0	0.0	0.0	0.0	10.041322314049587	0.0
TCACGGTAGACGCATGAGTCGCCCATCTCG	0.0	0.0	0.0	0.0	0.0	0.0	6.694214876033058	0.0
TCAGAGCGTGATGCGGTGTAGTTCTTGGAA	0.0	0.0	0.0	0.0	0.0	30.789473684210524	0.0	0.0
TCAGAGTGGACCGTGTTGTTACAGCTCTAA	1.08	0.0	0.0	0.0	0.0	0.0	34.586776859504134	0.0
TCAGCCCAGGTGACTAGAATTATTTCAGTT	17.28	0.0	0.0	0.0	0.0	0.0	0.0	0.0
TCAGGCTACCAAACCAGAGAATTAATAGTA	0.0	0.0	0.0	0.0	0.0	10.657894736842104	0.0	0.0
TCAGGGCCTAAGTTTTTGAACCGACTCACG	0.0	0.0	0.0	0.0	0.0	0.0	14.50413223140496	0.0
TCAGGTGCGCCAATTAGGCTCTTGCTGGAA	5.4	10.862068965517242	2.1951219512195124	0.0	0.0	0.0	6.694214876033058	0.0
TCATAAACGGGGCTCGCCATGCTCGTCATA	0.0	0.0	0.0	0.0	0.0	0.0	12.272727272727273	0.0
TCATCAGGAAAGGTGCGGGTATCTACGGGC	0.0	0.0	0.0	0.0	0.0	10.657894736842104	18.96694214876033	0.0
TCATTGGAGGCATTTCAACGTGGACTAATC	3.24	18.620689655172413	0.0	0.0	0.0	0.0	21.198347107438018	0.0
TCCAATTGTTACATTGGTTAAAAGGTGTAT	0.0	1.5517241379310345	0.0	0.0	0.0	0.0	6.694214876033058	0.0
TCCACCTTCTTTTAACCACGGCACCGGTCT	0.0	0.0	0.0	0.0	0.0	1.1842105263157894	29.00826446280992	0.0
TCCATTGCTGTCAGCTATCTGGATTAGACG	0.0	12.413793103448276	0.0	0.0	0.0	0.0	1.115702479338843	0.0
TCCCGACACATATTCCCCCATGCCAATGAT	0.0	0.0	0.0	0.0	0.0	8.289473684210526	4.462809917355372	0.0
TCCGTGGGGATTAATGGGACTGACCGTTAG	0.0	0.0	0.0	0.0	0.0	0.0	13.388429752066116	0.0
TCCGTGTGAAGTGGTAATGTGCGAAGGGGT	0.0	0.0	0.0	0.0	0.0	5.921052631578947	12.272727272727273	0.0
TCCGTTCGGGCTGGGAATTCTGTTTGAGGG	0.0	0.0	0.0	0.0	0.0	0.0	33.47107438016529	0.0
TCCTACGTTAATCGGCAGGATAGGTATGAA	0.0	0.0	0.0	0.0	0.0	0.0	10.041322314049587	0.0
TCCTGGTACGTTTACAAAGATAAGAGTAAC	0.0	0.0	0.0	0.0	0.0	0.0	6.694214876033058	0.0
TCCTTCGTCCCTTGCTACACAGGTCATCTT	0.0	21.724137931034484	1.0975609756097562	0.0	0.0	0.0	4.462809917355372	0.0
TCCTTGCATCCGGTAGTCGCTCATTCAAAA	0.0	0.0	0.0	0.0	0.0	0.0	7.809917355371901	0.0
TCGACTTTCTTACATATGAGAATCGGTTGT	0.0	0.0	0.0	0.0	0.0	0.0	6.694214876033058	0.0
TCGATTAAAGCAGGTTTATTGGGCCTCCTA	0.0	0.0	0.0	0.0	0.0	1.1842105263157894	6.694214876033058	2.0454545454545454
TCGATTACTCTCGCTAAGCCATTCTCCAAC	0.0	21.724137931034484	0.0	0.0	0.0	0.0	8.925619834710744	0.0
TCGCTTATCCGAGGGCTCATGATGTGCAGG	0.0	0.0	0.0	0.0	0.0	2.3684210526315788	23.429752066115704	0.0
TCGCTTTCACTTAGTATAGGTCTATCGGGG	0.0	20.17241379310345	0.0	0.0	0.0	0.0	0.0	0.0
TCGGACTACGCAGCTCCACAAGGAAGGTCT	0.0	27.93103448275862	0.0	0.0	0.0	0.0	2.231404958677686	0.0
TCGGATAAAGTGTGCGAACTTTGTGGTGAA	0.0	0.0	0.0	0.0	0.0	11.842105263157894	0.0	0.0
TCGGCGAGTTGTGCTATTTCCGATAATCCT	2.16	0.0	0.0	0.0	0.0	2.3684210526315788	15.619834710743802	0.0
TCGTAGGACGCATCGATGACATCGGTAGAA	0.0	12.413793103448276	0.0	0.0	0.0	0.0	5.578512396694215	0.0
TCGTATTCGCTTTTCACATACAGTTCTCTA	0.0	0.0	0.0	0.0	0.0	8.289473684210526	3.347107438016529	0.0
TCGTCCGCGCGTTATAAGGGATTGTATCTC	0.0	0.0	0.0	0.0	0.0	10.657894736842104	0.0	2.0454545454545454
TCGTCGCCTGGCCTGGAATGACTTCAAATA	35.64	0.0	0.0	0.0	0.0	0.0	0.0	0.0
TCGTGAATCTTAGGTGTAATCGTATTAGAG	0.0	31.03448275862069	0.0	0.0	1.0	0.0	0.0	0.0
TCGTGGGGCGCGATCTTCATATAACAAGGC	5.4	20.17241379310345	0.0	0.0	0.0	0.0	0.0	0.0
TCTACACCTGTGCCTGCGATAGCTAACGAT	0.0	0.0	0.0	0.0	0.0	1.1842105263157894	6.694214876033058	0.0
TCTACCAACCAATGCATCGTGAATCACAGA	0.0	0.0	0.0	0.0	0.0	3.552631578947368	8.925619834710744	0.0
TCTACGTATAGTGTACGGCGTCTCTGGTAG	0.0	0.0	0.0	0.0	0.0	1.1842105263157894	7.809917355371901	0.0
TCTAGACCAGGTGGACTGCATATCATAGTC	0.0	0.0	0.0	0.0	0.0	0.0	6.694214876033058	0.0
TCTAGCCTCCTGTTGTTGTGCGCATCTTTG	0.0	1.5517241379310345	0.0	0.0	0.0	0.0	25.66115702479339	0.0
TCTATGTTAGCGCATAAATCCGTATGGCTG	0.0	0.0	0.0	0.0	0.0	2.3684210526315788	34.586776859504134	0.0
TCTCCGGTCGTGAGTGAAAGGACATGCACC	0.0	3.103448275862069	0.0	0.0	0.0	0.0	20.082644628099175	0.0
TCTGAGCCTGCTCTGAGGTGTATTGCGCTC	3.24	3.103448275862069	0.0	0.0	0.0	0.0	6.694214876033058	0.0
TCTGTCGTCTAGACATTCTATTAGTTGGAC	0.0	0.0	0.0	0.0	31.0	5.921052631578947	2.231404958677686	0.0
TCTGTGCCATAACCCGACTTAACCTATGAC	11.88	0.0	0.0	0.0	0.0	0.0	11.15702479338843	0.0
TCTTAAGGATGCCATGGCCTAATATTTTTG	0.0	0.0	0.0	0.0	0.0	3.552631578947368	31.239669421487605	0.0
TCTTAAGTCTTATTCCGCATTGCGTCGCGC	0.0	0.0	0.0	0.0	0.0	7.105263157894736	0.0	0.0
TCTTGCGTCTCCTACGCCACCAAACTGAGC	0.0	0.0	0.0	0.0	0.0	0.0	6.694214876033058	0.0
TCTTGCTTCACGAGTCTCTATTCCCAGCCA	0.0	0.0	0.0	0.0	0.0	0.0	6.694214876033058	0.0
TCTTGTGAACATACACCGTGTGTTTGAGTT	0.0	0.0	0.0	0.0	0.0	3.552631578947368	14.50413223140496	0.0
TGAACAGTTTTCACACCTACCCTGCAAGCT	0.0	0.0	0.0	0.0	0.0	0.0	8.925619834710744	0.0
TGAACCTTTGTCCCTTCAATAAGATTCTAC	0.0	0.0	0.0	0.0	0.0	0.0	8.925619834710744	0.0
TGAAGTGGGAGGGACCTTGAGCAACTTGTA	0.0	0.0	0.0	0.0	0.0	0.0	11.15702479338843	0.0
TGAATCGCACTTTGACGACAGCTGATGATA	0.0	9.310344827586206	2.1951219512195124	0.0	0.0	0.0	12.272727272727273	0.0
TGAATGGTCTTCATTTGCATTGAAATAGGA	2.16	6.206896551724138	0.0	0.0	0.0	0.0	8.925619834710744	0.0
TGAATTATCGGGCTAGCCTATGAGAATTAT	0.0	0.0	0.0	0.0	5.0	23.684210526315788	0.0	0.0
TGACCTCGATTGGCTGAGCATCATCGCATC	0.0	0.0	0.0	0.0	0.0	7.105263157894736	13.388429752066116	0.0
TGACGGTACGATCTCGGCGTCGAGGGGGTT	0.0	0.0	0.0	0.0	0.0	0.0	8.925619834710744	0.0
TGAGCTCATACACCGCTAGGGACGTTCTAT	5.4	1.5517241379310345	8.78048780487805	9.878048780487804	0.0	0.0	30.123966942148762	0.0
TGAGGGTCAGTTCGTTTTAATTCTTTACGT	1.08	0.0	0.0	0.0	0.0	2.3684210526315788	12.272727272727273	0.0
TGATAAACTTGCCCTTTGCAGCACCATGGC	0.0	0.0	0.0	0.0	0.0	7.105263157894736	6.694214876033058	0.0
TGATACGACCGCGTGCCCGGCACACATCCC	0.0	0.0	0.0	0.0	0.0	0.0	6.694214876033058	0.0
TGATAGAGTCTGTGCCTAGTCCTTCCAATC	0.0	0.0	0.0	0.0	0.0	0.0	10.041322314049587	0.0
TGATGGGTGGTACGTAACTAGTGTGCAGTA	0.0	4.655172413793103	0.0	0.0	0.0	0.0	16.735537190082646	0.0
TGATGGTCTTACCCATCCATCATGGTTTAC	0.0	0.0	0.0	0.0	35.0	26.052631578947366	10.041322314049587	0.0
TGATGTACTCGCTGGGATTCAAGGCGACAT	0.0	9.310344827586206	0.0	0.0	0.0	0.0	4.462809917355372	0.0
TGCAAAGTCTTAATTATTCTTAAAACGTGG	0.0	0.0	0.0	0.0	0.0	0.0	6.694214876033058	0.0
TGCATCGCCGTGTGTAGCTGGGCATCTATG	0.0	0.0	0.0	0.0	0.0	0.0	6.694214876033058	0.0
TGCCACGGAATTACGTGTTTGTTAGTATGT	16.200000000000003	0.0	0.0	0.0	0.0	0.0	6.694214876033058	0.0
TGCCAGCCGTCCCAGGGATCGATCGAGTCA	0.0	7.758620689655173	0.0	0.0	0.0	0.0	7.809917355371901	0.0
TGCCTGCTGCAGATGGTAGGTCAAGTCAGG	0.0	0.0	0.0	0.0	0.0	0.0	26.776859504132233	0.0
TGCGCATTGCGAGCAGGTCTAGGATGCTCG	2.16	6.206896551724138	0.0	0.0	0.0	0.0	7.809917355371901	0.0
TGCGCGGGAGAACGTTATGGGTATCGCGAG	0.0	0.0	0.0	0.0	0.0	0.0	6.694214876033058	0.0
TGCGGTTGGTCATTTCAGTTACACTTATAG	0.0	0.0	0.0	0.0	0.0	1.1842105263157894	10.041322314049587	0.0
TGCGTACATGGTGGCCTTAAAATTTACTTC	0.0	0.0	0.0	0.0	1.0	0.0	7.809917355371901	0.0
TGCGTCGGTTCGCTGTGTTTGGAAATGGGT	0.0	0.0	0.0	0.0	0.0	23.684210526315788	1.115702479338843	0.0
TGCTGCACCTGTTACCTGACATTAGGGATA	0.0	0.0	0.0	0.0	0.0	14.210526315789473	4.462809917355372	0.0
TGCTGCATTGCGTTAGCTTTAAGGCCAATC	0.0	0.0	0.0	0.0	0.0	0.0	10.041322314049587	0.0
TGCTGGAGTACCGATTGAGCACGCCGGCTA	0.0	4.655172413793103	1.0975609756097562	0.0	0.0	0.0	15.619834710743802	0.0
TGCTTGCAGTTGCGCCGTCACACGCCCATT	0.0	0.0	0.0	0.0	0.0	0.0	8.925619834710744	0.0
TGGAATGTGATTCATGATTTTCCTCGGGGC	0.0	0.0	0.0	0.0	0.0	2.3684210526315788	27.892561983471076	0.0
TGGACGAGATGGAGCAATGGATGTCAGTCA	6.48	3.103448275862069	2.1951219512195124	0.0	0.0	0.0	0.0	0.0
TGGAGGGAAACTTATTTACAGGGTACTAGT	0.0	0.0	0.0	0.0	0.0	8.289473684210526	3.347107438016529	0.0
TGGCACTAAACGGTAGGACCATTTCGGCGT	0.0	0.0	0.0	0.0	0.0	31.973684210526315	1.115702479338843	0.0
TGGCCAAGATCAGTCGAGTTGCTCCCAATT	0.0	6.206896551724138	0.0	0.0	0.0	0.0	8.925619834710744	0.0
TGGCGCTCGACACGGACAGGGGCCGGGGGC	0.0	0.0	0.0	0.0	12.0	24.868421052631575	0.0	0.0
TGGCGTGAATGGCTTGACGATCGTCTGCTT	0.0	12.413793103448276	0.0	0.0	0.0	0.0	1.115702479338843	0.0
TGGCTTACGAAAGCCGGAGCAAACGTTGAT	0.0	0.0	0.0	0.0	0.0	10.657894736842104	8.925619834710744	0.0
TGGCTTGTTGAGTGTGTCGGTTGCCGCACA	0.0	0.0	0.0	0.0	0.0	0.0	6.694214876033058	0.0
TGGGAATGTTGTTTATGTTAAGGGTTCATG	0.0	0.0	0.0	0.0	10.0	3.552631578947368	4.462809917355372	0.0
TGGGCATGTCGCTCGAGCATCTACTGTCAA	0.0	0.0	0.0	0.0	0.0	0.0	17.85123966942149	0.0
TGGGTAGCTGGTGTGCGCTTGAGGGAACTT	0.0	0.0	0.0	0.0	0.0	0.0	6.694214876033058	0.0
TGGGTTCGATAGGGACAAAAAGCCCGAGTT	0.0	3.103448275862069	8.78048780487805	0.0	0.0	0.0	4.462809917355372	0.0
TGGGTTTATTTCCTATCGAATATAGACGTT	0.0	65.17241379310344	0.0	0.0	0.0	1.1842105263157894	0.0	0.0
TGGTATAGTGTCGCCAGGAGGGAAGTCAGT	0.0	0.0	0.0	0.0	0.0	0.0	6.694214876033058	0.0
TGGTCAAAACTGCAATGATGAAGGTTTGGT	6.48	3.103448275862069	0.0	0.0	0.0	0.0	2.231404958677686	0.0
TGGTCATTGAGGGAAAGATCACTTCTACAA	0.0	24.82758620689655	0.0	0.0	0.0	0.0	0.0	0.0
TGGTCTTACCTCGCGTTCGAGATTGCTGAT	0.0	0.0	0.0	0.0	0.0	0.0	24.545454545454547	0.0
TGGTCTTGCTCTCCATGCTTTTTGAGGACT	1.08	0.0	0.0	0.0	0.0	0.0	13.388429752066116	0.0
TGGTGATTAAAACTATGTTCCTGACAGGAT	7.5600000000000005	0.0	0.0	0.0	0.0	7.105263157894736	1.115702479338843	0.0
TGGTGGCCAGGGTTAGAATAGTCCGGGTCC	0.0	0.0	0.0	0.0	11.0	58.02631578947368	0.0	0.0
TGGTTATATAGGGTAGGTAATTCGGTTAGT	0.0	0.0	0.0	0.0	0.0	1.1842105263157894	7.809917355371901	0.0
TGGTTCATGAAACGCCGAGTAGGGCGGCCT	2.16	21.724137931034484	0.0	0.0	0.0	0.0	10.041322314049587	0.0
TGGTTCTTGGCGGTTGTCTCTCAGAGCTGT	0.0	0.0	0.0	0.0	0.0	0.0	21.198347107438018	0.0
TGGTTGAAGTTAAGTTTCGAGTCCTTTGAT	0.0	0.0	0.0	0.0	0.0	1.1842105263157894	16.735537190082646	0.0
TGTAACTTAGGCTATCTACCCAGCTTTACC	0.0	0.0	0.0	0.0	0.0	0.0	10.041322314049587	0.0
TGTATAGCAGAAAATGTTATATTAGAGTTG	0.0	0.0	0.0	0.0	0.0	0.0	17.85123966942149	0.0
TGTATGCTTTCCCGTACTGAAACCAGTGGA	2.16	12.413793103448276	0.0	0.0	0.0	0.0	3.347107438016529	0.0
TGTCACAATCCCGATAGGGACTTTTTTATT	0.0	0.0	0.0	0.0	0.0	0.0	6.694214876033058	0.0
TGTCATGCGGGTCAACCAACGTTGTGGTCA	9.72	0.0	0.0	0.0	0.0	0.0	3.347107438016529	0.0
TGTCCATTCTTAATTCGTTCAGTCAGTTTG	0.0	9.310344827586206	2.1951219512195124	0.0	0.0	0.0	0.0	0.0
TGTCCCACGAACTTTGTCTCTCGTGCGATA	0.0	0.0	0.0	0.0	34.0	46.18421052631579	0.0	0.0
TGTCGGTGTAGGCATCATCTGCGTGTGCGC	0.0	0.0	0.0	0.0	0.0	13.026315789473683	0.0	0.0
TGTCGTTTCAGTGGTGAGTCATTTTTTCAT	0.0	0.0	0.0	0.0	0.0	0.0	6.694214876033058	0.0
TGTCTCCCCTGGCCTGAAGCTTAGGTAGTA	0.0	0.0	0.0	0.0	0.0	0.0	15.619834710743802	0.0
TGTCTTTGTTCAGTGACGTGCGTGGAGGCG	0.0	0.0	3.2926829268292686	3.292682926829268	0.0	0.0	13.388429752066116	0.0
TGTGCATTTATCATCCTTGCCGATTGCCGT	0.0	0.0	0.0	0.0	0.0	11.842105263157894	0.0	0.0
TGTGCGGAGAAGTTGCCGGGCAGAGGTCAC	0.0	0.0	0.0	0.0	0.0	0.0	18.96694214876033	0.0
TGTGGCTAAAAGAGGTCACTTTTCGGGTAT	3.24	0.0	0.0	0.0	0.0	0.0	21.198347107438018	0.0
TGTGTGATTTCAAAACTTCGTTCTCGTGCC	0.0	13.96551724137931	1.0975609756097562	0.0	0.0	0.0	14.50413223140496	0.0
TGTTAAGTGAAGTATCATTCGTTTGTTAGA	0.0	0.0	0.0	0.0	0.0	0.0	15.619834710743802	0.0
TGTTCAGCACTATAAAAATAAGATAATCGT	0.0	0.0	0.0	0.0	0.0	0.0	10.041322314049587	0.0
TGTTCCCAAGATTGCGGAGTTCGGTTACTA	0.0	0.0	0.0	0.0	6.0	1.1842105263157894	2.231404958677686	0.0
TGTTCCTTCTAGCTGCTTGTGTTGACCTGA	0.0	0.0	0.0	0.0	0.0	0.0	6.694214876033058	0.0
TGTTCGAGTGCAGAGTCTGGTGGCAGATTG	1.08	23.275862068965516	1.0975609756097562	0.0	0.0	0.0	0.0	0.0
TGTTGCGGCGTCAATTGCAGTGTTTGCCGC	0.0	7.758620689655173	0.0	0.0	0.0	0.0	13.388429752066116	0.0
TGTTGGCTTAGATGTGTGTGGCGCCTAATC	0.0	0.0	0.0	0.0	0.0	0.0	8.925619834710744	0.0
TGTTGGTACAATATAGTTTTGGTTTTAATC	0.0	0.0	0.0	0.0	0.0	0.0	17.85123966942149	0.0
TTAAGTCTTGTCTCCGCGCGTTGGCGTCTT	0.0	0.0	0.0	0.0	0.0	0.0	7.809917355371901	0.0
TTAAGTTTTGCCAATACTTTGCCGACATGG	0.0	0.0	0.0	0.0	0.0	0.0	6.694214876033058	0.0
TTAATATTGTTGTCATGCGAGTTTTTTACA	0.0	0.0	0.0	0.0	0.0	0.0	6.694214876033058	0.0
TTAATTGAATATCTGCCCAGATTGTGCAGG	0.0	0.0	0.0	0.0	0.0	0.0	13.388429752066116	0.0
TTACACGAAAGACTGTTGGCACATCTTTGA	0.0	0.0	0.0	0.0	1.0	53.28947368421052	4.462809917355372	2.0454545454545454
TTACACTCATATATTGTTTGACTCTTCTGC	0.0	0.0	0.0	0.0	0.0	0.0	10.041322314049587	0.0
TTACCTAGGGCTGGTCAGGGGAAACCATGT	0.0	0.0	0.0	0.0	0.0	0.0	13.388429752066116	0.0
TTACTGGTTCCCTGTTAGCCTATCGTCTCA	0.0	17.06896551724138	6.585365853658537	0.0	0.0	0.0	0.0	0.0
TTAGAATGCCGAGCTACCACGGTATCGGAC	0.0	0.0	0.0	0.0	0.0	66.3157894736842	0.0	0.0
TTAGACCAATTGATCCTGGTCTCTGGGAGG	0.0	0.0	0.0	0.0	0.0	15.394736842105262	20.082644628099175	0.0
TTAGATATTCTTGCGAATTATTTAGTAGTG	0.0	9.310344827586206	0.0	0.0	0.0	0.0	2.231404958677686	0.0
TTAGCAAGTACTCGTGACGTGTTGGTGGAG	2.16	10.862068965517242	0.0	0.0	0.0	0.0	1.115702479338843	0.0
TTAGCATAATGCGGTTCGCGCATATTCTGG	0.0	0.0	0.0	0.0	0.0	0.0	13.388429752066116	0.0
TTAGGAGCCGCAAGTTGGGCGGGTTGTGCG	0.0	0.0	0.0	0.0	0.0	0.0	21.198347107438018	0.0
TTAGGCTACTTGGACTCTGGACACACGTAC	0.0	0.0	0.0	0.0	0.0	0.0	13.388429752066116	0.0
TTAGTTTACGGGCCGTTGTTAGAGGCTCAA	0.0	0.0	0.0	0.0	0.0	17.763157894736842	2.231404958677686	0.0
TTAGTTTAGCTGTCAGATATATTCGTATTC	0.0	0.0	0.0	0.0	0.0	0.0	32.35537190082645	0.0
TTATCGGACGATGTTGCCTCTATTCTGTTT	0.0	7.758620689655173	1.0975609756097562	0.0	0.0	0.0	8.925619834710744	0.0
TTATGGTAGGTGGATGACATATTTACAAAT	0.0	0.0	0.0	0.0	0.0	0.0	21.198347107438018	0.0
TTATTTACTTCTACTAGGTACCGGTATGCG	0.0	0.0	0.0	0.0	0.0	0.0	6.694214876033058	0.0
TTCCGACATGTTGATGCGCCATATCGCCTG	0.0	0.0	0.0	0.0	0.0	0.0	13.388429752066116	0.0
TTCCTACCCGACTGACCGCCAGCACAAAGG	0.0	0.0	0.0	0.0	0.0	1.1842105263157894	10.041322314049587	0.0
TTCCTTGGGGTGGATGTCATTGGCGCGCAG	0.0	0.0	0.0	0.0	0.0	0.0	6.694214876033058	0.0
TTCGATGCCTAGTTCAGTTTGGCCTTTGAT	0.0	0.0	0.0	0.0	0.0	0.0	15.619834710743802	0.0
TTCGCAGTTATGATTCGTGGGCCTGCACCG	0.0	0.0	0.0	0.0	0.0	0.0	23.429752066115704	0.0
TTCGCTATCACACGGTGGTAATATCGATCG	1.08	3.103448275862069	0.0	0.0	0.0	4.7368421052631575	42.396694214876035	0.0
TTCGGCGGAGGTGGGACGGACGTGGGGGAT	0.0	0.0	0.0	0.0	0.0	3.552631578947368	16.735537190082646	0.0
TTCGGGTCTGCGAGGCTTAGCACAGACCGG	0.0	0.0	0.0	0.0	14.0	15.394736842105262	14.50413223140496	2.0454545454545454
TTCTAACGTCGTTAATGAACAACTACTCGC	0.0	0.0	0.0	0.0	0.0	1.1842105263157894	21.198347107438018	0.0
TTCTCGCATGGGTTGTAAGTACCGGGCCTT	0.0	10.862068965517242	0.0	0.0	0.0	0.0	0.0	0.0
TTCTCTGGCCCGCGGGCCGGAACGCATTCA	0.0	0.0	0.0	0.0	0.0	5.921052631578947	18.96694214876033	0.0
TTCTGTCATGGGGTGGTCATGACGGAGGCG	0.0	0.0	0.0	0.0	0.0	0.0	35.70247933884298	0.0
TTGAAACCGTAGAGTGGTACTCACCGTTAA	0.0	0.0	0.0	0.0	0.0	0.0	13.388429752066116	0.0
TTGAGCTAGTTAGATCAATGCTGAGAACCG	0.0	0.0	0.0	0.0	0.0	10.657894736842104	6.694214876033058	0.0
TTGATACCGTCAGGCCTACCCGGCATGTAC	0.0	0.0	0.0	0.0	0.0	2.3684210526315788	10.041322314049587	0.0
TTGATTAAAACGCGGGGGCCACCCAAGCCG	0.0	0.0	0.0	0.0	0.0	1.1842105263157894	13.388429752066116	0.0
TTGCAGGTCAGCCGCTTAGTTTCAACATAG	0.0	0.0	0.0	0.0	0.0	0.0	8.925619834710744	0.0
TTGCATTCGTACGGAATCAGGCTAATGAAC	0.0	0.0	0.0	0.0	0.0	1.1842105263157894	6.694214876033058	0.0
TTGCCCGTGTCAGTGGCGAGAATCTCATGG	0.0	0.0	0.0	0.0	0.0	5.921052631578947	25.66115702479339	0.0
TTGCCTAAGCCCTCCAGACCTGTAACGGGA	0.0	0.0	0.0	0.0	0.0	15.394736842105262	4.462809917355372	0.0
TTGCGAAAAGAGCCATCGACATTGAATTGA	0.0	0.0	0.0	0.0	0.0	2.3684210526315788	7.809917355371901	0.0
TTGGACGATTAAGCAAGATTATTGGATACA	0.0	0.0	0.0	0.0	0.0	1.1842105263157894	26.776859504132233	0.0
TTGGCATGGAACCCAGCGGTCCTTAAAGCA	0.0	0.0	0.0	0.0	0.0	0.0	13.388429752066116	0.0
TTGGCCCCCCGGAGACCGGCGGCGGGGCCC	0.0	0.0	0.0	0.0	0.0	0.0	20.082644628099175	0.0
TTGGGCTCCCAGGTTATTTTATGCAATAGT	0.0	0.0	0.0	0.0	0.0	0.0	23.429752066115704	0.0
TTGGTCGTTGAGCAACCTGCATCTTGTTTG	0.0	0.0	0.0	0.0	0.0	0.0	20.082644628099175	0.0
TTGGTGCGTAATGTTACCGCATATTAGTGT	0.0	0.0	0.0	0.0	3.0	42.63157894736842	0.0	0.0
TTGGTTAATTCTAACATGTATACTCTATAC	0.0	0.0	0.0	0.0	0.0	4.7368421052631575	20.082644628099175	0.0
TTTACCGCTAGAAGTAACAGGCGAGCACTC	0.0	0.0	0.0	0.0	0.0	1.1842105263157894	12.272727272727273	0.0
TTTAGCCGGTGCAGCGGGTATAACGACTCT	0.0	0.0	0.0	0.0	0.0	0.0	8.925619834710744	0.0
TTTAGCTCGGATTATTGTATTAGCGCCATT	0.0	0.0	0.0	0.0	0.0	0.0	7.809917355371901	0.0
TTTATGTTCTATCCTGGATACTGAGTGCTG	0.0	0.0	0.0	0.0	0.0	1.1842105263157894	11.15702479338843	0.0
TTTATTGTTCTGTCTACGAACTTTTCCTGG	0.0	0.0	0.0	0.0	0.0	0.0	15.619834710743802	0.0
TTTCAAGCAAGATCAGGGACGCTTTCTTCG	0.0	0.0	0.0	0.0	0.0	0.0	8.925619834710744	0.0
TTTCAGTTCTACAGACGCTCCATTGCGAGG	6.48	12.413793103448276	0.0	0.0	0.0	0.0	0.0	0.0
TTTCCATAAGTGACGACTCGGAATACGTAA	0.0	0.0	0.0	0.0	0.0	0.0	11.15702479338843	0.0
TTTCGGTCTTGCCGGTCCCGGTGTTCGTAG	7.5600000000000005	13.96551724137931	0.0	0.0	0.0	1.1842105263157894	1.115702479338843	0.0
TTTGAATATAAGTTGTCCAGGGATGTTGTG	0.0	0.0	0.0	0.0	0.0	10.657894736842104	0.0	0.0
TTTGATAGGCACTGGGTTATCGAAACAACC	0.0	0.0	0.0	0.0	0.0	0.0	43.51239669421488	0.0
TTTGCGACGCGACTGGGGGGAGTCAGGTCC	0.0	0.0	0.0	0.0	0.0	9.473684210526315	1.115702479338843	0.0
TTTGTATTGCCTGGGTAAATTGCTACCGGG	0.0	0.0	0.0	0.0	0.0	0.0	6.694214876033058	0.0
TTTGTCGGAAGCTCGACCACTGCATGGAGT	0.0	13.96551724137931	0.0	0.0	0.0	0.0	5.578512396694215	0.0
TTTGTTTAAGTATCGGTTCTGGAACCGGGA	0.0	0.0	0.0	0.0	0.0	0.0	14.50413223140496	0.0
TTTTAAAGCTATATACCCGGTATGTTATCG	0.0	0.0	0.0	0.0	0.0	0.0	7.809917355371901	0.0
TTTTAGCTATGGCTTCCAAATTTGGTTCCT	0.0	0.0	0.0	0.0	7.0	4.7368421052631575	0.0	0.0
TTTTAGTCAAAGCGGCATTTTCGGTTTGAG	2.16	0.0	1.0975609756097562	0.0	0.0	1.1842105263157894	17.85123966942149	0.0
TTTTCCGTGAAGGTAGAGTTAGCATCCGAT	0.0	0.0	0.0	0.0	0.0	16.57894736842105	12.272727272727273	0.0
TTTTCTTAACAAATCGCTCCATAGGTTAGC	0.0	0.0	0.0	0.0	0.0	1.1842105263157894	7.809917355371901	0.0
TTTTGAGGTCTCAGTGGTCTCGCGAAGGTT	0.0	17.06896551724138	0.0	0.0	0.0	0.0	0.0	0.0
TTTTGGACATCTCAGTGCTGATAAATTCTC	0.0	0.0	0.0	0.0	0.0	1.1842105263157894	7.809917355371901	0.0
TTTTTAAGGTGGTTTTTCTGACAGAGGGTT	0.0	0.0	0.0	0.0	0.0	13.026315789473683	13.388429752066116	0.0
TTTTTACTCGAAGTGTTGTCCTGTTTGTGG	0.0	0.0	0.0	0.0	0.0	1.1842105263157894	35.70247933884298	0.0
TTTTTATTTCGAGTTCTTGTCCTGTCAATG	0.0	0.0	0.0	0.0	52.0	0.0	3.347107438016529	0.0
